,District #,% Students with COVID 08/01/21,% Staff with COVID 08/01/21,% Students with COVID 07/25/21,% Staff with COVID 07/25/21,% Students with COVID 07/18/21,% Staff with COVID 07/18/21,% Students with COVID 07/11/21,% Staff with COVID 07/11/21,% Students with COVID 07/04/21,% Staff with COVID 07/04/21,% Students with COVID 06/27/21,% Staff with COVID 06/27/21,% Students with COVID 06/20/21,% Staff with COVID 06/20/21,% Students with COVID 06/13/21,% Staff with COVID 06/13/21,% Students with COVID 06/06/21,% Staff with COVID 06/06/21,% Students with COVID 05/30/21,% Staff with COVID 05/30/21,% Students with COVID 05/23/21,% Staff with COVID 05/23/21,% Students with COVID 05/16/21,% Staff with COVID 05/16/21,% Students with COVID 05/09/21,% Staff with COVID 05/09/21,% Students with COVID 05/02/21,% Staff with COVID 05/02/21,% Students with COVID 04/25/21,% Staff with COVID 04/25/21,% Students with COVID 04/18/21,% Staff with COVID 04/18/21,% Students with COVID 04/11/21,% Staff with COVID 04/11/21,% Students with COVID 04/04/21,% Staff with COVID 04/04/21,% Students with COVID 03/28/21,% Staff with COVID 03/28/21,% Students with COVID 03/21/21,% Staff with COVID 03/21/21,% Students with COVID 03/14/21,% Staff with COVID 03/14/21,% Students with COVID 03/07/21,% Staff with COVID 03/07/21,% Students with COVID 02/28/21,% Staff with COVID 02/28/21,% Students with COVID 02/21/21,% Staff with COVID 02/21/21,% Students with COVID 02/14/21,% Staff with COVID 02/14/21,% Students with COVID 02/07/21,% Staff with COVID 02/07/21,% Students with COVID 01/31/21,% Staff with COVID 01/31/21,% Students with COVID 01/24/21,% Staff with COVID 01/24/21,% Students with COVID 01/17/21,% Staff with COVID 01/17/21,% Students with COVID 01/10/21,% Staff with COVID 01/10/21,% Students with COVID 01/03/21,% Staff with COVID 01/03/21,% Students with COVID 12/27/21,% Staff with COVID 12/27/21,% Students with COVID 12/20/21,% Staff with COVID 12/20/21,% Students with COVID 12/13/21,% Staff with COVID 12/13/21,% Students with COVID 12/06/21,% Staff with COVID 12/06/21,% Students with COVID 11/29/21,% Staff with COVID 11/29/21,% Students with COVID 11/22/21,% Staff with COVID 11/22/21
6342,227816.0,0.0,0.009264620729588882,,,,,,,,,,,,,,,,,,,,,,,,,,,,,,,,,,,,,,,,,,,,,,,,,,,,,,,,,,,,,,,,,,,,,,,,
6343,227816.0,0.0075075075075075074,0.004632310364794441,,,,,,,,,,,,,,,,,,,,,,,,,,,,,,,,,,,,,,,,,,,,,,,,,,,,,,,,,,,,,,,,,,,,,,,,
6344,227816.0,0.011869436201780416,0.016213086276780544,,,,,,,,,,,,,,,,,,,,,,,,,,,,,,,,,,,,,,,,,,,,,,,,,,,,,,,,,,,,,,,,,,,,,,,,
6389,227824.0,0.0,0.0,,,,,,,,,,,,,,,,,,,,,,,,,,,,,,,,,,,,,,,,,,,,,,,,,,,,,,,,,,,,,,,,,,,,,,,,
6390,227824.0,0.0,0.0,,,,,,,,,,,,,,,,,,,,,,,,,,,,,,,,,,,,,,,,,,,,,,,,,,,,,,,,,,,,,,,,,,,,,,,,
6391,227824.0,0.0,0.0,,,,,,,,,,,,,,,,,,,,,,,,,,,,,,,,,,,,,,,,,,,,,,,,,,,,,,,,,,,,,,,,,,,,,,,,
6392,227824.0,0.036585365853658534,0.007526153383005945,,,,,,,,,,,,,,,,,,,,,,,,,,,,,,,,,,,,,,,,,,,,,,,,,,,,,,,,,,,,,,,,,,,,,,,,
6393,227825.0,0.007142857142857143,0.011083402604599613,,,,,,,,,,,,,,,,,,,,,,,,,,,,,,,,,,,,,,,,,,,,,,,,,,,,,,,,,,,,,,,,,,,,,,,,
6394,227825.0,0.014059753954305799,0.02770850651149903,,,,,,,,,,,,,,,,,,,,,,,,,,,,,,,,,,,,,,,,,,,,,,,,,,,,,,,,,,,,,,,,,,,,,,,,
6395,227825.0,0.01687289088863892,0.04433361041839845,,,,,,,,,,,,,,,,,,,,,,,,,,,,,,,,,,,,,,,,,,,,,,,,,,,,,,,,,,,,,,,,,,,,,,,,
6401,227901.0,0.0,0.0,,,,,,,,,,,,,,,,,,,,,,,,,,,,,,,,,,,,,,,,,,,,,,,,,,,,,,,,,,,,,,,,,,,,,,,,
6402,227901.0,0.0,0.0,,,,,,,,,,,,,,,,,,,,,,,,,,,,,,,,,,,,,,,,,,,,,,,,,,,,,,,,,,,,,,,,,,,,,,,,
6403,227901.0,0.0,0.0,,,,,,,,,,,,,,,,,,,,,,,,,,,,,,,,,,,,,,,,,,,,,,,,,,,,,,,,,,,,,,,,,,,,,,,,
6404,227901.0,0.0,0.0,,,,,,,,,,,,,,,,,,,,,,,,,,,,,,,,,,,,,,,,,,,,,,,,,,,,,,,,,,,,,,,,,,,,,,,,
6405,227901.0,0.0,0.0,,,,,,,,,,,,,,,,,,,,,,,,,,,,,,,,,,,,,,,,,,,,,,,,,,,,,,,,,,,,,,,,,,,,,,,,
6406,227901.0,0.0,0.0,,,,,,,,,,,,,,,,,,,,,,,,,,,,,,,,,,,,,,,,,,,,,,,,,,,,,,,,,,,,,,,,,,,,,,,,
6407,227901.0,0.0,0.0,,,,,,,,,,,,,,,,,,,,,,,,,,,,,,,,,,,,,,,,,,,,,,,,,,,,,,,,,,,,,,,,,,,,,,,,
6408,227901.0,0.0,0.0,,,,,,,,,,,,,,,,,,,,,,,,,,,,,,,,,,,,,,,,,,,,,,,,,,,,,,,,,,,,,,,,,,,,,,,,
6409,227901.0,,0.0,,,,,,,,,,,,,,,,,,,,,,,,,,,,,,,,,,,,,,,,,,,,,,,,,,,,,,,,,,,,,,,,,,,,,,,,
6410,227901.0,0.0,0.0,,,,,,,,,,,,,,,,,,,,,,,,,,,,,,,,,,,,,,,,,,,,,,,,,,,,,,,,,,,,,,,,,,,,,,,,
6411,227901.0,,0.0,,,,,,,,,,,,,,,,,,,,,,,,,,,,,,,,,,,,,,,,,,,,,,,,,,,,,,,,,,,,,,,,,,,,,,,,
6412,227901.0,0.0,0.0,,,,,,,,,,,,,,,,,,,,,,,,,,,,,,,,,,,,,,,,,,,,,,,,,,,,,,,,,,,,,,,,,,,,,,,,
6413,227901.0,,0.0,,,,,,,,,,,,,,,,,,,,,,,,,,,,,,,,,,,,,,,,,,,,,,,,,,,,,,,,,,,,,,,,,,,,,,,,
6414,227901.0,,0.0,,,,,,,,,,,,,,,,,,,,,,,,,,,,,,,,,,,,,,,,,,,,,,,,,,,,,,,,,,,,,,,,,,,,,,,,
6415,227901.0,,0.0,,,,,,,,,,,,,,,,,,,,,,,,,,,,,,,,,,,,,,,,,,,,,,,,,,,,,,,,,,,,,,,,,,,,,,,,
6416,227901.0,,0.0,,,,,,,,,,,,,,,,,,,,,,,,,,,,,,,,,,,,,,,,,,,,,,,,,,,,,,,,,,,,,,,,,,,,,,,,
6417,227901.0,,0.0,,,,,,,,,,,,,,,,,,,,,,,,,,,,,,,,,,,,,,,,,,,,,,,,,,,,,,,,,,,,,,,,,,,,,,,,
6418,227901.0,,0.0,,,,,,,,,,,,,,,,,,,,,,,,,,,,,,,,,,,,,,,,,,,,,,,,,,,,,,,,,,,,,,,,,,,,,,,,
6419,227901.0,0.0,0.0,,,,,,,,,,,,,,,,,,,,,,,,,,,,,,,,,,,,,,,,,,,,,,,,,,,,,,,,,,,,,,,,,,,,,,,,
6420,227901.0,0.0,0.0,,,,,,,,,,,,,,,,,,,,,,,,,,,,,,,,,,,,,,,,,,,,,,,,,,,,,,,,,,,,,,,,,,,,,,,,
6421,227901.0,0.0,0.0,,,,,,,,,,,,,,,,,,,,,,,,,,,,,,,,,,,,,,,,,,,,,,,,,,,,,,,,,,,,,,,,,,,,,,,,
6422,227901.0,,0.0,,,,,,,,,,,,,,,,,,,,,,,,,,,,,,,,,,,,,,,,,,,,,,,,,,,,,,,,,,,,,,,,,,,,,,,,
6423,227901.0,0.0,0.0,,,,,,,,,,,,,,,,,,,,,,,,,,,,,,,,,,,,,,,,,,,,,,,,,,,,,,,,,,,,,,,,,,,,,,,,
6424,227901.0,0.0,9.005293311408447e-05,,,,,,,,,,,,,,,,,,,,,,,,,,,,,,,,,,,,,,,,,,,,,,,,,,,,,,,,,,,,,,,,,,,,,,,,
6425,227901.0,0.0,0.0007204234649126757,,,,,,,,,,,,,,,,,,,,,,,,,,,,,,,,,,,,,,,,,,,,,,,,,,,,,,,,,,,,,,,,,,,,,,,,
6426,227901.0,,9.005293311408447e-05,,,,,,,,,,,,,,,,,,,,,,,,,,,,,,,,,,,,,,,,,,,,,,,,,,,,,,,,,,,,,,,,,,,,,,,,
6427,227901.0,0.0,9.005293311408447e-05,,,,,,,,,,,,,,,,,,,,,,,,,,,,,,,,,,,,,,,,,,,,,,,,,,,,,,,,,,,,,,,,,,,,,,,,
6428,227901.0,0.0,0.0007204234649126757,,,,,,,,,,,,,,,,,,,,,,,,,,,,,,,,,,,,,,,,,,,,,,,,,,,,,,,,,,,,,,,,,,,,,,,,
6429,227901.0,0.0,0.0006303705317985912,,,,,,,,,,,,,,,,,,,,,,,,,,,,,,,,,,,,,,,,,,,,,,,,,,,,,,,,,,,,,,,,,,,,,,,,
6430,227901.0,0.0,0.0004502646655704223,,,,,,,,,,,,,,,,,,,,,,,,,,,,,,,,,,,,,,,,,,,,,,,,,,,,,,,,,,,,,,,,,,,,,,,,
6431,227901.0,0.0,0.00036021173245633786,,,,,,,,,,,,,,,,,,,,,,,,,,,,,,,,,,,,,,,,,,,,,,,,,,,,,,,,,,,,,,,,,,,,,,,,
6432,227901.0,0.0,9.005293311408447e-05,,,,,,,,,,,,,,,,,,,,,,,,,,,,,,,,,,,,,,,,,,,,,,,,,,,,,,,,,,,,,,,,,,,,,,,,
6433,227901.0,0.0,0.0004502646655704223,,,,,,,,,,,,,,,,,,,,,,,,,,,,,,,,,,,,,,,,,,,,,,,,,,,,,,,,,,,,,,,,,,,,,,,,
6434,227901.0,0.0,0.00027015879934225336,,,,,,,,,,,,,,,,,,,,,,,,,,,,,,,,,,,,,,,,,,,,,,,,,,,,,,,,,,,,,,,,,,,,,,,,
6435,227901.0,0.0,9.005293311408447e-05,,,,,,,,,,,,,,,,,,,,,,,,,,,,,,,,,,,,,,,,,,,,,,,,,,,,,,,,,,,,,,,,,,,,,,,,
6436,227901.0,0.0,9.005293311408447e-05,,,,,,,,,,,,,,,,,,,,,,,,,,,,,,,,,,,,,,,,,,,,,,,,,,,,,,,,,,,,,,,,,,,,,,,,
6437,227901.0,0.0,9.005293311408447e-05,,,,,,,,,,,,,,,,,,,,,,,,,,,,,,,,,,,,,,,,,,,,,,,,,,,,,,,,,,,,,,,,,,,,,,,,
6438,227901.0,0.0,9.005293311408447e-05,,,,,,,,,,,,,,,,,,,,,,,,,,,,,,,,,,,,,,,,,,,,,,,,,,,,,,,,,,,,,,,,,,,,,,,,
6439,227901.0,0.0,0.00036021173245633786,,,,,,,,,,,,,,,,,,,,,,,,,,,,,,,,,,,,,,,,,,,,,,,,,,,,,,,,,,,,,,,,,,,,,,,,
6440,227901.0,0.0,0.0004502646655704223,,,,,,,,,,,,,,,,,,,,,,,,,,,,,,,,,,,,,,,,,,,,,,,,,,,,,,,,,,,,,,,,,,,,,,,,
6470,227907.0,,0.0,,,,,,,,,,,,,,,,,,,,,,,,,,,,,,,,,,,,,,,,,,,,,,,,,,,,,,,,,,,,,,,,,,,,,,,,
6471,227907.0,,0.0,,,,,,,,,,,,,,,,,,,,,,,,,,,,,,,,,,,,,,,,,,,,,,,,,,,,,,,,,,,,,,,,,,,,,,,,
6472,227907.0,0.0,0.0017883808893618164,,,,,,,,,,,,,,,,,,,,,,,,,,,,,,,,,,,,,,,,,,,,,,,,,,,,,,,,,,,,,,,,,,,,,,,,
6473,227907.0,0.006765899864682003,0.0026825713340427244,,,,,,,,,,,,,,,,,,,,,,,,,,,,,,,,,,,,,,,,,,,,,,,,,,,,,,,,,,,,,,,,,,,,,,,,
6474,227907.0,0.0109717868338558,0.005365142668085449,,,,,,,,,,,,,,,,,,,,,,,,,,,,,,,,,,,,,,,,,,,,,,,,,,,,,,,,,,,,,,,,,,,,,,,,
6475,227907.0,0.019830028328611898,0.0,,,,,,,,,,,,,,,,,,,,,,,,,,,,,,,,,,,,,,,,,,,,,,,,,,,,,,,,,,,,,,,,,,,,,,,,
6476,227907.0,0.014035087719298246,0.0026825713340427244,,,,,,,,,,,,,,,,,,,,,,,,,,,,,,,,,,,,,,,,,,,,,,,,,,,,,,,,,,,,,,,,,,,,,,,,
6477,227907.0,0.010025062656641603,0.008941904446809082,,,,,,,,,,,,,,,,,,,,,,,,,,,,,,,,,,,,,,,,,,,,,,,,,,,,,,,,,,,,,,,,,,,,,,,,
6478,227907.0,0.03110047846889952,0.007153523557447266,,,,,,,,,,,,,,,,,,,,,,,,,,,,,,,,,,,,,,,,,,,,,,,,,,,,,,,,,,,,,,,,,,,,,,,,
6479,227907.0,0.008695652173913044,0.013412856670213623,,,,,,,,,,,,,,,,,,,,,,,,,,,,,,,,,,,,,,,,,,,,,,,,,,,,,,,,,,,,,,,,,,,,,,,,
6480,227909.0,,,,,,,,,,,,,,,,,,,,,,,,,,,,,,,,,,,,,,,,,,,,,,,,,,,,,,,,,,,,,,,,,,,,,,,,,,
6481,227909.0,,,,,,,,,,,,,,,,,,,,,,,,,,,,,,,,,,,,,,,,,,,,,,,,,,,,,,,,,,,,,,,,,,,,,,,,,,
6482,227909.0,0.0,,,,,,,,,,,,,,,,,,,,,,,,,,,,,,,,,,,,,,,,,,,,,,,,,,,,,,,,,,,,,,,,,,,,,,,,,
6483,227909.0,0.011029411764705883,inf,,,,,,,,,,,,,,,,,,,,,,,,,,,,,,,,,,,,,,,,,,,,,,,,,,,,,,,,,,,,,,,,,,,,,,,,
6484,227909.0,0.016286644951140065,inf,,,,,,,,,,,,,,,,,,,,,,,,,,,,,,,,,,,,,,,,,,,,,,,,,,,,,,,,,,,,,,,,,,,,,,,,
6485,227909.0,0.02111324376199616,inf,,,,,,,,,,,,,,,,,,,,,,,,,,,,,,,,,,,,,,,,,,,,,,,,,,,,,,,,,,,,,,,,,,,,,,,,
6486,227909.0,0.031496062992125984,inf,,,,,,,,,,,,,,,,,,,,,,,,,,,,,,,,,,,,,,,,,,,,,,,,,,,,,,,,,,,,,,,,,,,,,,,,
6487,227909.0,0.022298456260720412,inf,,,,,,,,,,,,,,,,,,,,,,,,,,,,,,,,,,,,,,,,,,,,,,,,,,,,,,,,,,,,,,,,,,,,,,,,
6488,227909.0,0.0242024202420242,inf,,,,,,,,,,,,,,,,,,,,,,,,,,,,,,,,,,,,,,,,,,,,,,,,,,,,,,,,,,,,,,,,,,,,,,,,
6489,227909.0,0.044722719141323794,inf,,,,,,,,,,,,,,,,,,,,,,,,,,,,,,,,,,,,,,,,,,,,,,,,,,,,,,,,,,,,,,,,,,,,,,,,
6490,227909.0,0.026743075453677174,inf,,,,,,,,,,,,,,,,,,,,,,,,,,,,,,,,,,,,,,,,,,,,,,,,,,,,,,,,,,,,,,,,,,,,,,,,
6491,227909.0,0.052053824362606235,inf,,,,,,,,,,,,,,,,,,,,,,,,,,,,,,,,,,,,,,,,,,,,,,,,,,,,,,,,,,,,,,,,,,,,,,,,
6492,227910.0,,0.0,,,,,,,,,,,,,,,,,,,,,,,,,,,,,,,,,,,,,,,,,,,,,,,,,,,,,,,,,,,,,,,,,,,,,,,,
6493,227910.0,0.0,0.002389771776795316,,,,,,,,,,,,,,,,,,,,,,,,,,,,,,,,,,,,,,,,,,,,,,,,,,,,,,,,,,,,,,,,,,,,,,,,
6494,227910.0,0.011627906976744186,0.000597442944198829,,,,,,,,,,,,,,,,,,,,,,,,,,,,,,,,,,,,,,,,,,,,,,,,,,,,,,,,,,,,,,,,,,,,,,,,
6495,227910.0,0.013468013468013467,0.0029872147209941452,,,,,,,,,,,,,,,,,,,,,,,,,,,,,,,,,,,,,,,,,,,,,,,,,,,,,,,,,,,,,,,,,,,,,,,,
6496,227910.0,0.017889087656529516,0.0029872147209941452,,,,,,,,,,,,,,,,,,,,,,,,,,,,,,,,,,,,,,,,,,,,,,,,,,,,,,,,,,,,,,,,,,,,,,,,
6497,227910.0,0.007359705611775529,0.014936073604970726,,,,,,,,,,,,,,,,,,,,,,,,,,,,,,,,,,,,,,,,,,,,,,,,,,,,,,,,,,,,,,,,,,,,,,,,
6498,227912.0,,0.0,,,,,,,,,,,,,,,,,,,,,,,,,,,,,,,,,,,,,,,,,,,,,,,,,,,,,,,,,,,,,,,,,,,,,,,,
6499,227912.0,0.021834061135371178,0.00012597631645250694,,,,,,,,,,,,,,,,,,,,,,,,,,,,,,,,,,,,,,,,,,,,,,,,,,,,,,,,,,,,,,,,,,,,,,,,
6500,227912.0,0.02528735632183908,0.0003779289493575208,,,,,,,,,,,,,,,,,,,,,,,,,,,,,,,,,,,,,,,,,,,,,,,,,,,,,,,,,,,,,,,,,,,,,,,,
6501,227912.0,0.0347985347985348,6.298815822625347e-05,,,,,,,,,,,,,,,,,,,,,,,,,,,,,,,,,,,,,,,,,,,,,,,,,,,,,,,,,,,,,,,,,,,,,,,,
6342,227816.0,,,0.0,0.009264620729588882,,,,,,,,,,,,,,,,,,,,,,,,,,,,,,,,,,,,,,,,,,,,,,,,,,,,,,,,,,,,,,,,,,,,,,
6343,227816.0,,,0.0075075075075075074,0.004632310364794441,,,,,,,,,,,,,,,,,,,,,,,,,,,,,,,,,,,,,,,,,,,,,,,,,,,,,,,,,,,,,,,,,,,,,,
6344,227816.0,,,0.011869436201780416,0.016213086276780544,,,,,,,,,,,,,,,,,,,,,,,,,,,,,,,,,,,,,,,,,,,,,,,,,,,,,,,,,,,,,,,,,,,,,,
6389,227824.0,,,0.0,0.0,,,,,,,,,,,,,,,,,,,,,,,,,,,,,,,,,,,,,,,,,,,,,,,,,,,,,,,,,,,,,,,,,,,,,,
6390,227824.0,,,0.0,0.0,,,,,,,,,,,,,,,,,,,,,,,,,,,,,,,,,,,,,,,,,,,,,,,,,,,,,,,,,,,,,,,,,,,,,,
6391,227824.0,,,0.0,0.0,,,,,,,,,,,,,,,,,,,,,,,,,,,,,,,,,,,,,,,,,,,,,,,,,,,,,,,,,,,,,,,,,,,,,,
6392,227824.0,,,0.036585365853658534,0.007526153383005945,,,,,,,,,,,,,,,,,,,,,,,,,,,,,,,,,,,,,,,,,,,,,,,,,,,,,,,,,,,,,,,,,,,,,,
6393,227825.0,,,0.007142857142857143,0.011083402604599613,,,,,,,,,,,,,,,,,,,,,,,,,,,,,,,,,,,,,,,,,,,,,,,,,,,,,,,,,,,,,,,,,,,,,,
6394,227825.0,,,0.014059753954305799,0.02770850651149903,,,,,,,,,,,,,,,,,,,,,,,,,,,,,,,,,,,,,,,,,,,,,,,,,,,,,,,,,,,,,,,,,,,,,,
6395,227825.0,,,0.01687289088863892,0.04433361041839845,,,,,,,,,,,,,,,,,,,,,,,,,,,,,,,,,,,,,,,,,,,,,,,,,,,,,,,,,,,,,,,,,,,,,,
6401,227901.0,,,0.0,0.0,,,,,,,,,,,,,,,,,,,,,,,,,,,,,,,,,,,,,,,,,,,,,,,,,,,,,,,,,,,,,,,,,,,,,,
6402,227901.0,,,0.0,0.0,,,,,,,,,,,,,,,,,,,,,,,,,,,,,,,,,,,,,,,,,,,,,,,,,,,,,,,,,,,,,,,,,,,,,,
6403,227901.0,,,0.0,0.0,,,,,,,,,,,,,,,,,,,,,,,,,,,,,,,,,,,,,,,,,,,,,,,,,,,,,,,,,,,,,,,,,,,,,,
6404,227901.0,,,0.0,0.0,,,,,,,,,,,,,,,,,,,,,,,,,,,,,,,,,,,,,,,,,,,,,,,,,,,,,,,,,,,,,,,,,,,,,,
6405,227901.0,,,0.0,0.0,,,,,,,,,,,,,,,,,,,,,,,,,,,,,,,,,,,,,,,,,,,,,,,,,,,,,,,,,,,,,,,,,,,,,,
6406,227901.0,,,0.0,0.0,,,,,,,,,,,,,,,,,,,,,,,,,,,,,,,,,,,,,,,,,,,,,,,,,,,,,,,,,,,,,,,,,,,,,,
6407,227901.0,,,0.0,0.0,,,,,,,,,,,,,,,,,,,,,,,,,,,,,,,,,,,,,,,,,,,,,,,,,,,,,,,,,,,,,,,,,,,,,,
6408,227901.0,,,0.0,0.0,,,,,,,,,,,,,,,,,,,,,,,,,,,,,,,,,,,,,,,,,,,,,,,,,,,,,,,,,,,,,,,,,,,,,,
6409,227901.0,,,,0.0,,,,,,,,,,,,,,,,,,,,,,,,,,,,,,,,,,,,,,,,,,,,,,,,,,,,,,,,,,,,,,,,,,,,,,
6410,227901.0,,,0.0,0.0,,,,,,,,,,,,,,,,,,,,,,,,,,,,,,,,,,,,,,,,,,,,,,,,,,,,,,,,,,,,,,,,,,,,,,
6411,227901.0,,,,0.0,,,,,,,,,,,,,,,,,,,,,,,,,,,,,,,,,,,,,,,,,,,,,,,,,,,,,,,,,,,,,,,,,,,,,,
6412,227901.0,,,0.0,0.0,,,,,,,,,,,,,,,,,,,,,,,,,,,,,,,,,,,,,,,,,,,,,,,,,,,,,,,,,,,,,,,,,,,,,,
6413,227901.0,,,,0.0,,,,,,,,,,,,,,,,,,,,,,,,,,,,,,,,,,,,,,,,,,,,,,,,,,,,,,,,,,,,,,,,,,,,,,
6414,227901.0,,,,0.0,,,,,,,,,,,,,,,,,,,,,,,,,,,,,,,,,,,,,,,,,,,,,,,,,,,,,,,,,,,,,,,,,,,,,,
6415,227901.0,,,,0.0,,,,,,,,,,,,,,,,,,,,,,,,,,,,,,,,,,,,,,,,,,,,,,,,,,,,,,,,,,,,,,,,,,,,,,
6416,227901.0,,,,0.0,,,,,,,,,,,,,,,,,,,,,,,,,,,,,,,,,,,,,,,,,,,,,,,,,,,,,,,,,,,,,,,,,,,,,,
6417,227901.0,,,,0.0,,,,,,,,,,,,,,,,,,,,,,,,,,,,,,,,,,,,,,,,,,,,,,,,,,,,,,,,,,,,,,,,,,,,,,
6418,227901.0,,,,0.0,,,,,,,,,,,,,,,,,,,,,,,,,,,,,,,,,,,,,,,,,,,,,,,,,,,,,,,,,,,,,,,,,,,,,,
6419,227901.0,,,0.0,0.0,,,,,,,,,,,,,,,,,,,,,,,,,,,,,,,,,,,,,,,,,,,,,,,,,,,,,,,,,,,,,,,,,,,,,,
6420,227901.0,,,0.0,0.0,,,,,,,,,,,,,,,,,,,,,,,,,,,,,,,,,,,,,,,,,,,,,,,,,,,,,,,,,,,,,,,,,,,,,,
6421,227901.0,,,0.0,0.0,,,,,,,,,,,,,,,,,,,,,,,,,,,,,,,,,,,,,,,,,,,,,,,,,,,,,,,,,,,,,,,,,,,,,,
6422,227901.0,,,,0.0,,,,,,,,,,,,,,,,,,,,,,,,,,,,,,,,,,,,,,,,,,,,,,,,,,,,,,,,,,,,,,,,,,,,,,
6423,227901.0,,,0.0,0.0,,,,,,,,,,,,,,,,,,,,,,,,,,,,,,,,,,,,,,,,,,,,,,,,,,,,,,,,,,,,,,,,,,,,,,
6424,227901.0,,,0.0,9.005293311408447e-05,,,,,,,,,,,,,,,,,,,,,,,,,,,,,,,,,,,,,,,,,,,,,,,,,,,,,,,,,,,,,,,,,,,,,,
6425,227901.0,,,0.0,0.0007204234649126757,,,,,,,,,,,,,,,,,,,,,,,,,,,,,,,,,,,,,,,,,,,,,,,,,,,,,,,,,,,,,,,,,,,,,,
6426,227901.0,,,,9.005293311408447e-05,,,,,,,,,,,,,,,,,,,,,,,,,,,,,,,,,,,,,,,,,,,,,,,,,,,,,,,,,,,,,,,,,,,,,,
6427,227901.0,,,0.0,9.005293311408447e-05,,,,,,,,,,,,,,,,,,,,,,,,,,,,,,,,,,,,,,,,,,,,,,,,,,,,,,,,,,,,,,,,,,,,,,
6428,227901.0,,,0.0,0.0007204234649126757,,,,,,,,,,,,,,,,,,,,,,,,,,,,,,,,,,,,,,,,,,,,,,,,,,,,,,,,,,,,,,,,,,,,,,
6429,227901.0,,,0.0,0.0006303705317985912,,,,,,,,,,,,,,,,,,,,,,,,,,,,,,,,,,,,,,,,,,,,,,,,,,,,,,,,,,,,,,,,,,,,,,
6430,227901.0,,,0.0,0.0004502646655704223,,,,,,,,,,,,,,,,,,,,,,,,,,,,,,,,,,,,,,,,,,,,,,,,,,,,,,,,,,,,,,,,,,,,,,
6431,227901.0,,,0.0,0.00036021173245633786,,,,,,,,,,,,,,,,,,,,,,,,,,,,,,,,,,,,,,,,,,,,,,,,,,,,,,,,,,,,,,,,,,,,,,
6432,227901.0,,,0.0,9.005293311408447e-05,,,,,,,,,,,,,,,,,,,,,,,,,,,,,,,,,,,,,,,,,,,,,,,,,,,,,,,,,,,,,,,,,,,,,,
6433,227901.0,,,0.0,0.0004502646655704223,,,,,,,,,,,,,,,,,,,,,,,,,,,,,,,,,,,,,,,,,,,,,,,,,,,,,,,,,,,,,,,,,,,,,,
6434,227901.0,,,0.0,0.00027015879934225336,,,,,,,,,,,,,,,,,,,,,,,,,,,,,,,,,,,,,,,,,,,,,,,,,,,,,,,,,,,,,,,,,,,,,,
6435,227901.0,,,0.0,9.005293311408447e-05,,,,,,,,,,,,,,,,,,,,,,,,,,,,,,,,,,,,,,,,,,,,,,,,,,,,,,,,,,,,,,,,,,,,,,
6436,227901.0,,,0.0,9.005293311408447e-05,,,,,,,,,,,,,,,,,,,,,,,,,,,,,,,,,,,,,,,,,,,,,,,,,,,,,,,,,,,,,,,,,,,,,,
6437,227901.0,,,0.0,9.005293311408447e-05,,,,,,,,,,,,,,,,,,,,,,,,,,,,,,,,,,,,,,,,,,,,,,,,,,,,,,,,,,,,,,,,,,,,,,
6438,227901.0,,,0.0,9.005293311408447e-05,,,,,,,,,,,,,,,,,,,,,,,,,,,,,,,,,,,,,,,,,,,,,,,,,,,,,,,,,,,,,,,,,,,,,,
6439,227901.0,,,0.0,0.00036021173245633786,,,,,,,,,,,,,,,,,,,,,,,,,,,,,,,,,,,,,,,,,,,,,,,,,,,,,,,,,,,,,,,,,,,,,,
6440,227901.0,,,0.0,0.0004502646655704223,,,,,,,,,,,,,,,,,,,,,,,,,,,,,,,,,,,,,,,,,,,,,,,,,,,,,,,,,,,,,,,,,,,,,,
6470,227907.0,,,,0.0,,,,,,,,,,,,,,,,,,,,,,,,,,,,,,,,,,,,,,,,,,,,,,,,,,,,,,,,,,,,,,,,,,,,,,
6471,227907.0,,,,0.0,,,,,,,,,,,,,,,,,,,,,,,,,,,,,,,,,,,,,,,,,,,,,,,,,,,,,,,,,,,,,,,,,,,,,,
6472,227907.0,,,0.0,0.0017883808893618164,,,,,,,,,,,,,,,,,,,,,,,,,,,,,,,,,,,,,,,,,,,,,,,,,,,,,,,,,,,,,,,,,,,,,,
6473,227907.0,,,0.006765899864682003,0.0026825713340427244,,,,,,,,,,,,,,,,,,,,,,,,,,,,,,,,,,,,,,,,,,,,,,,,,,,,,,,,,,,,,,,,,,,,,,
6474,227907.0,,,0.0109717868338558,0.005365142668085449,,,,,,,,,,,,,,,,,,,,,,,,,,,,,,,,,,,,,,,,,,,,,,,,,,,,,,,,,,,,,,,,,,,,,,
6475,227907.0,,,0.019830028328611898,0.0,,,,,,,,,,,,,,,,,,,,,,,,,,,,,,,,,,,,,,,,,,,,,,,,,,,,,,,,,,,,,,,,,,,,,,
6476,227907.0,,,0.014035087719298246,0.0026825713340427244,,,,,,,,,,,,,,,,,,,,,,,,,,,,,,,,,,,,,,,,,,,,,,,,,,,,,,,,,,,,,,,,,,,,,,
6477,227907.0,,,0.010025062656641603,0.008941904446809082,,,,,,,,,,,,,,,,,,,,,,,,,,,,,,,,,,,,,,,,,,,,,,,,,,,,,,,,,,,,,,,,,,,,,,
6478,227907.0,,,0.03110047846889952,0.007153523557447266,,,,,,,,,,,,,,,,,,,,,,,,,,,,,,,,,,,,,,,,,,,,,,,,,,,,,,,,,,,,,,,,,,,,,,
6479,227907.0,,,0.008695652173913044,0.013412856670213623,,,,,,,,,,,,,,,,,,,,,,,,,,,,,,,,,,,,,,,,,,,,,,,,,,,,,,,,,,,,,,,,,,,,,,
6480,227909.0,,,,,,,,,,,,,,,,,,,,,,,,,,,,,,,,,,,,,,,,,,,,,,,,,,,,,,,,,,,,,,,,,,,,,,,,,,
6481,227909.0,,,,,,,,,,,,,,,,,,,,,,,,,,,,,,,,,,,,,,,,,,,,,,,,,,,,,,,,,,,,,,,,,,,,,,,,,,
6482,227909.0,,,0.0,,,,,,,,,,,,,,,,,,,,,,,,,,,,,,,,,,,,,,,,,,,,,,,,,,,,,,,,,,,,,,,,,,,,,,,
6483,227909.0,,,0.011029411764705883,inf,,,,,,,,,,,,,,,,,,,,,,,,,,,,,,,,,,,,,,,,,,,,,,,,,,,,,,,,,,,,,,,,,,,,,,
6484,227909.0,,,0.016286644951140065,inf,,,,,,,,,,,,,,,,,,,,,,,,,,,,,,,,,,,,,,,,,,,,,,,,,,,,,,,,,,,,,,,,,,,,,,
6485,227909.0,,,0.02111324376199616,inf,,,,,,,,,,,,,,,,,,,,,,,,,,,,,,,,,,,,,,,,,,,,,,,,,,,,,,,,,,,,,,,,,,,,,,
6486,227909.0,,,0.031496062992125984,inf,,,,,,,,,,,,,,,,,,,,,,,,,,,,,,,,,,,,,,,,,,,,,,,,,,,,,,,,,,,,,,,,,,,,,,
6487,227909.0,,,0.022298456260720412,inf,,,,,,,,,,,,,,,,,,,,,,,,,,,,,,,,,,,,,,,,,,,,,,,,,,,,,,,,,,,,,,,,,,,,,,
6488,227909.0,,,0.0242024202420242,inf,,,,,,,,,,,,,,,,,,,,,,,,,,,,,,,,,,,,,,,,,,,,,,,,,,,,,,,,,,,,,,,,,,,,,,
6489,227909.0,,,0.044722719141323794,inf,,,,,,,,,,,,,,,,,,,,,,,,,,,,,,,,,,,,,,,,,,,,,,,,,,,,,,,,,,,,,,,,,,,,,,
6490,227909.0,,,0.026743075453677174,inf,,,,,,,,,,,,,,,,,,,,,,,,,,,,,,,,,,,,,,,,,,,,,,,,,,,,,,,,,,,,,,,,,,,,,,
6491,227909.0,,,0.052053824362606235,inf,,,,,,,,,,,,,,,,,,,,,,,,,,,,,,,,,,,,,,,,,,,,,,,,,,,,,,,,,,,,,,,,,,,,,,
6492,227910.0,,,,0.0,,,,,,,,,,,,,,,,,,,,,,,,,,,,,,,,,,,,,,,,,,,,,,,,,,,,,,,,,,,,,,,,,,,,,,
6493,227910.0,,,0.0,0.002389771776795316,,,,,,,,,,,,,,,,,,,,,,,,,,,,,,,,,,,,,,,,,,,,,,,,,,,,,,,,,,,,,,,,,,,,,,
6494,227910.0,,,0.011627906976744186,0.000597442944198829,,,,,,,,,,,,,,,,,,,,,,,,,,,,,,,,,,,,,,,,,,,,,,,,,,,,,,,,,,,,,,,,,,,,,,
6495,227910.0,,,0.013468013468013467,0.0029872147209941452,,,,,,,,,,,,,,,,,,,,,,,,,,,,,,,,,,,,,,,,,,,,,,,,,,,,,,,,,,,,,,,,,,,,,,
6496,227910.0,,,0.017889087656529516,0.0029872147209941452,,,,,,,,,,,,,,,,,,,,,,,,,,,,,,,,,,,,,,,,,,,,,,,,,,,,,,,,,,,,,,,,,,,,,,
6497,227910.0,,,0.007359705611775529,0.014936073604970726,,,,,,,,,,,,,,,,,,,,,,,,,,,,,,,,,,,,,,,,,,,,,,,,,,,,,,,,,,,,,,,,,,,,,,
6498,227912.0,,,,0.0,,,,,,,,,,,,,,,,,,,,,,,,,,,,,,,,,,,,,,,,,,,,,,,,,,,,,,,,,,,,,,,,,,,,,,
6499,227912.0,,,0.021834061135371178,0.00012597631645250694,,,,,,,,,,,,,,,,,,,,,,,,,,,,,,,,,,,,,,,,,,,,,,,,,,,,,,,,,,,,,,,,,,,,,,
6500,227912.0,,,0.02528735632183908,0.0003779289493575208,,,,,,,,,,,,,,,,,,,,,,,,,,,,,,,,,,,,,,,,,,,,,,,,,,,,,,,,,,,,,,,,,,,,,,
6501,227912.0,,,0.0347985347985348,6.298815822625347e-05,,,,,,,,,,,,,,,,,,,,,,,,,,,,,,,,,,,,,,,,,,,,,,,,,,,,,,,,,,,,,,,,,,,,,,
1063,227907.0,,,,,0.014035087719298246,0.0026825713340427244,,,,,,,,,,,,,,,,,,,,,,,,,,,,,,,,,,,,,,,,,,,,,,,,,,,,,,,,,,,,,,,,,,,,
1064,227907.0,,,,,0.010025062656641603,0.008941904446809082,,,,,,,,,,,,,,,,,,,,,,,,,,,,,,,,,,,,,,,,,,,,,,,,,,,,,,,,,,,,,,,,,,,,
1065,227907.0,,,,,0.03110047846889952,0.007153523557447266,,,,,,,,,,,,,,,,,,,,,,,,,,,,,,,,,,,,,,,,,,,,,,,,,,,,,,,,,,,,,,,,,,,,
1066,227907.0,,,,,0.008695652173913044,0.013412856670213623,,,,,,,,,,,,,,,,,,,,,,,,,,,,,,,,,,,,,,,,,,,,,,,,,,,,,,,,,,,,,,,,,,,,
1067,227909.0,,,,,0.031496062992125984,inf,,,,,,,,,,,,,,,,,,,,,,,,,,,,,,,,,,,,,,,,,,,,,,,,,,,,,,,,,,,,,,,,,,,,
1068,227909.0,,,,,0.0242024202420242,inf,,,,,,,,,,,,,,,,,,,,,,,,,,,,,,,,,,,,,,,,,,,,,,,,,,,,,,,,,,,,,,,,,,,,
1069,227909.0,,,,,0.044722719141323794,inf,,,,,,,,,,,,,,,,,,,,,,,,,,,,,,,,,,,,,,,,,,,,,,,,,,,,,,,,,,,,,,,,,,,,
1070,227909.0,,,,,0.026743075453677174,inf,,,,,,,,,,,,,,,,,,,,,,,,,,,,,,,,,,,,,,,,,,,,,,,,,,,,,,,,,,,,,,,,,,,,
1071,227910.0,,,,,0.007359705611775529,0.014936073604970726,,,,,,,,,,,,,,,,,,,,,,,,,,,,,,,,,,,,,,,,,,,,,,,,,,,,,,,,,,,,,,,,,,,,
1072,227912.0,,,,,0.02528735632183908,0.0003779289493575208,,,,,,,,,,,,,,,,,,,,,,,,,,,,,,,,,,,,,,,,,,,,,,,,,,,,,,,,,,,,,,,,,,,,
1073,227912.0,,,,,0.0347985347985348,6.298815822625347e-05,,,,,,,,,,,,,,,,,,,,,,,,,,,,,,,,,,,,,,,,,,,,,,,,,,,,,,,,,,,,,,,,,,,,
1063,227907.0,,,,,,,0.014035087719298246,0.0026825713340427244,,,,,,,,,,,,,,,,,,,,,,,,,,,,,,,,,,,,,,,,,,,,,,,,,,,,,,,,,,,,,,,,,,
1064,227907.0,,,,,,,0.010025062656641603,0.008941904446809082,,,,,,,,,,,,,,,,,,,,,,,,,,,,,,,,,,,,,,,,,,,,,,,,,,,,,,,,,,,,,,,,,,
1065,227907.0,,,,,,,0.03110047846889952,0.007153523557447266,,,,,,,,,,,,,,,,,,,,,,,,,,,,,,,,,,,,,,,,,,,,,,,,,,,,,,,,,,,,,,,,,,
1066,227907.0,,,,,,,0.008695652173913044,0.013412856670213623,,,,,,,,,,,,,,,,,,,,,,,,,,,,,,,,,,,,,,,,,,,,,,,,,,,,,,,,,,,,,,,,,,
1067,227909.0,,,,,,,0.031496062992125984,inf,,,,,,,,,,,,,,,,,,,,,,,,,,,,,,,,,,,,,,,,,,,,,,,,,,,,,,,,,,,,,,,,,,
1068,227909.0,,,,,,,0.0242024202420242,inf,,,,,,,,,,,,,,,,,,,,,,,,,,,,,,,,,,,,,,,,,,,,,,,,,,,,,,,,,,,,,,,,,,
1069,227909.0,,,,,,,0.044722719141323794,inf,,,,,,,,,,,,,,,,,,,,,,,,,,,,,,,,,,,,,,,,,,,,,,,,,,,,,,,,,,,,,,,,,,
1070,227909.0,,,,,,,0.026743075453677174,inf,,,,,,,,,,,,,,,,,,,,,,,,,,,,,,,,,,,,,,,,,,,,,,,,,,,,,,,,,,,,,,,,,,
1071,227910.0,,,,,,,0.007359705611775529,0.014936073604970726,,,,,,,,,,,,,,,,,,,,,,,,,,,,,,,,,,,,,,,,,,,,,,,,,,,,,,,,,,,,,,,,,,
1072,227912.0,,,,,,,0.02528735632183908,0.0003779289493575208,,,,,,,,,,,,,,,,,,,,,,,,,,,,,,,,,,,,,,,,,,,,,,,,,,,,,,,,,,,,,,,,,,
1073,227912.0,,,,,,,0.0347985347985348,6.298815822625347e-05,,,,,,,,,,,,,,,,,,,,,,,,,,,,,,,,,,,,,,,,,,,,,,,,,,,,,,,,,,,,,,,,,,
1060,227907.0,,,,,,,,,0.014035087719298246,0.0026825713340427244,,,,,,,,,,,,,,,,,,,,,,,,,,,,,,,,,,,,,,,,,,,,,,,,,,,,,,,,,,,,,,,,
1061,227907.0,,,,,,,,,0.010025062656641603,0.008941904446809082,,,,,,,,,,,,,,,,,,,,,,,,,,,,,,,,,,,,,,,,,,,,,,,,,,,,,,,,,,,,,,,,
1062,227907.0,,,,,,,,,0.03110047846889952,0.007153523557447266,,,,,,,,,,,,,,,,,,,,,,,,,,,,,,,,,,,,,,,,,,,,,,,,,,,,,,,,,,,,,,,,
1063,227907.0,,,,,,,,,0.008695652173913044,0.013412856670213623,,,,,,,,,,,,,,,,,,,,,,,,,,,,,,,,,,,,,,,,,,,,,,,,,,,,,,,,,,,,,,,,
1064,227909.0,,,,,,,,,0.031496062992125984,inf,,,,,,,,,,,,,,,,,,,,,,,,,,,,,,,,,,,,,,,,,,,,,,,,,,,,,,,,,,,,,,,,
1065,227909.0,,,,,,,,,0.0242024202420242,inf,,,,,,,,,,,,,,,,,,,,,,,,,,,,,,,,,,,,,,,,,,,,,,,,,,,,,,,,,,,,,,,,
1066,227909.0,,,,,,,,,0.044722719141323794,inf,,,,,,,,,,,,,,,,,,,,,,,,,,,,,,,,,,,,,,,,,,,,,,,,,,,,,,,,,,,,,,,,
1067,227909.0,,,,,,,,,0.026743075453677174,inf,,,,,,,,,,,,,,,,,,,,,,,,,,,,,,,,,,,,,,,,,,,,,,,,,,,,,,,,,,,,,,,,
1068,227910.0,,,,,,,,,0.007359705611775529,0.014936073604970726,,,,,,,,,,,,,,,,,,,,,,,,,,,,,,,,,,,,,,,,,,,,,,,,,,,,,,,,,,,,,,,,
1069,227912.0,,,,,,,,,0.02528735632183908,0.0003779289493575208,,,,,,,,,,,,,,,,,,,,,,,,,,,,,,,,,,,,,,,,,,,,,,,,,,,,,,,,,,,,,,,,
1070,227912.0,,,,,,,,,0.0347985347985348,6.298815822625347e-05,,,,,,,,,,,,,,,,,,,,,,,,,,,,,,,,,,,,,,,,,,,,,,,,,,,,,,,,,,,,,,,,
1058,227907.0,,,,,,,,,,,0.014035087719298246,0.0026825713340427244,,,,,,,,,,,,,,,,,,,,,,,,,,,,,,,,,,,,,,,,,,,,,,,,,,,,,,,,,,,,,,
1059,227907.0,,,,,,,,,,,0.010025062656641603,0.008941904446809082,,,,,,,,,,,,,,,,,,,,,,,,,,,,,,,,,,,,,,,,,,,,,,,,,,,,,,,,,,,,,,
1060,227907.0,,,,,,,,,,,0.03110047846889952,0.007153523557447266,,,,,,,,,,,,,,,,,,,,,,,,,,,,,,,,,,,,,,,,,,,,,,,,,,,,,,,,,,,,,,
1061,227907.0,,,,,,,,,,,0.008695652173913044,0.013412856670213623,,,,,,,,,,,,,,,,,,,,,,,,,,,,,,,,,,,,,,,,,,,,,,,,,,,,,,,,,,,,,,
1062,227909.0,,,,,,,,,,,0.031496062992125984,inf,,,,,,,,,,,,,,,,,,,,,,,,,,,,,,,,,,,,,,,,,,,,,,,,,,,,,,,,,,,,,,
1063,227909.0,,,,,,,,,,,0.0242024202420242,inf,,,,,,,,,,,,,,,,,,,,,,,,,,,,,,,,,,,,,,,,,,,,,,,,,,,,,,,,,,,,,,
1064,227909.0,,,,,,,,,,,0.044722719141323794,inf,,,,,,,,,,,,,,,,,,,,,,,,,,,,,,,,,,,,,,,,,,,,,,,,,,,,,,,,,,,,,,
1065,227909.0,,,,,,,,,,,0.026743075453677174,inf,,,,,,,,,,,,,,,,,,,,,,,,,,,,,,,,,,,,,,,,,,,,,,,,,,,,,,,,,,,,,,
1066,227910.0,,,,,,,,,,,0.007359705611775529,0.014936073604970726,,,,,,,,,,,,,,,,,,,,,,,,,,,,,,,,,,,,,,,,,,,,,,,,,,,,,,,,,,,,,,
1067,227912.0,,,,,,,,,,,0.02528735632183908,0.0003779289493575208,,,,,,,,,,,,,,,,,,,,,,,,,,,,,,,,,,,,,,,,,,,,,,,,,,,,,,,,,,,,,,
1068,227912.0,,,,,,,,,,,0.0347985347985348,6.298815822625347e-05,,,,,,,,,,,,,,,,,,,,,,,,,,,,,,,,,,,,,,,,,,,,,,,,,,,,,,,,,,,,,,
1056,227907.0,,,,,,,,,,,,,0.014035087719298246,0.0026825713340427244,,,,,,,,,,,,,,,,,,,,,,,,,,,,,,,,,,,,,,,,,,,,,,,,,,,,,,,,,,,,
1057,227907.0,,,,,,,,,,,,,0.010025062656641603,0.008941904446809082,,,,,,,,,,,,,,,,,,,,,,,,,,,,,,,,,,,,,,,,,,,,,,,,,,,,,,,,,,,,
1058,227907.0,,,,,,,,,,,,,0.03110047846889952,0.007153523557447266,,,,,,,,,,,,,,,,,,,,,,,,,,,,,,,,,,,,,,,,,,,,,,,,,,,,,,,,,,,,
1059,227907.0,,,,,,,,,,,,,0.008237986270022883,0.013412856670213623,,,,,,,,,,,,,,,,,,,,,,,,,,,,,,,,,,,,,,,,,,,,,,,,,,,,,,,,,,,,
1060,227909.0,,,,,,,,,,,,,0.031496062992125984,inf,,,,,,,,,,,,,,,,,,,,,,,,,,,,,,,,,,,,,,,,,,,,,,,,,,,,,,,,,,,,
1061,227909.0,,,,,,,,,,,,,0.0242024202420242,inf,,,,,,,,,,,,,,,,,,,,,,,,,,,,,,,,,,,,,,,,,,,,,,,,,,,,,,,,,,,,
1062,227909.0,,,,,,,,,,,,,0.044722719141323794,inf,,,,,,,,,,,,,,,,,,,,,,,,,,,,,,,,,,,,,,,,,,,,,,,,,,,,,,,,,,,,
1063,227909.0,,,,,,,,,,,,,0.026743075453677174,inf,,,,,,,,,,,,,,,,,,,,,,,,,,,,,,,,,,,,,,,,,,,,,,,,,,,,,,,,,,,,
1064,227910.0,,,,,,,,,,,,,0.007359705611775529,0.014936073604970726,,,,,,,,,,,,,,,,,,,,,,,,,,,,,,,,,,,,,,,,,,,,,,,,,,,,,,,,,,,,
1065,227912.0,,,,,,,,,,,,,0.02528735632183908,0.0003779289493575208,,,,,,,,,,,,,,,,,,,,,,,,,,,,,,,,,,,,,,,,,,,,,,,,,,,,,,,,,,,,
1066,227912.0,,,,,,,,,,,,,0.0347985347985348,6.298815822625347e-05,,,,,,,,,,,,,,,,,,,,,,,,,,,,,,,,,,,,,,,,,,,,,,,,,,,,,,,,,,,,
1054,227907.0,,,,,,,,,,,,,,,0.014035087719298246,0.0026825713340427244,,,,,,,,,,,,,,,,,,,,,,,,,,,,,,,,,,,,,,,,,,,,,,,,,,,,,,,,,,
1055,227907.0,,,,,,,,,,,,,,,0.010025062656641603,0.008941904446809082,,,,,,,,,,,,,,,,,,,,,,,,,,,,,,,,,,,,,,,,,,,,,,,,,,,,,,,,,,
1056,227907.0,,,,,,,,,,,,,,,0.03110047846889952,0.007153523557447266,,,,,,,,,,,,,,,,,,,,,,,,,,,,,,,,,,,,,,,,,,,,,,,,,,,,,,,,,,
1057,227907.0,,,,,,,,,,,,,,,0.008237986270022883,0.013412856670213623,,,,,,,,,,,,,,,,,,,,,,,,,,,,,,,,,,,,,,,,,,,,,,,,,,,,,,,,,,
1058,227909.0,,,,,,,,,,,,,,,0.031496062992125984,inf,,,,,,,,,,,,,,,,,,,,,,,,,,,,,,,,,,,,,,,,,,,,,,,,,,,,,,,,,,
1059,227909.0,,,,,,,,,,,,,,,0.0242024202420242,inf,,,,,,,,,,,,,,,,,,,,,,,,,,,,,,,,,,,,,,,,,,,,,,,,,,,,,,,,,,
1060,227909.0,,,,,,,,,,,,,,,0.044722719141323794,inf,,,,,,,,,,,,,,,,,,,,,,,,,,,,,,,,,,,,,,,,,,,,,,,,,,,,,,,,,,
1061,227909.0,,,,,,,,,,,,,,,0.026743075453677174,inf,,,,,,,,,,,,,,,,,,,,,,,,,,,,,,,,,,,,,,,,,,,,,,,,,,,,,,,,,,
1062,227910.0,,,,,,,,,,,,,,,0.007359705611775529,0.014936073604970726,,,,,,,,,,,,,,,,,,,,,,,,,,,,,,,,,,,,,,,,,,,,,,,,,,,,,,,,,,
1063,227912.0,,,,,,,,,,,,,,,0.02528735632183908,0.0003779289493575208,,,,,,,,,,,,,,,,,,,,,,,,,,,,,,,,,,,,,,,,,,,,,,,,,,,,,,,,,,
1064,227912.0,,,,,,,,,,,,,,,0.0347985347985348,6.298815822625347e-05,,,,,,,,,,,,,,,,,,,,,,,,,,,,,,,,,,,,,,,,,,,,,,,,,,,,,,,,,,
1054,227907.0,,,,,,,,,,,,,,,,,0.014035087719298246,0.0026825713340427244,,,,,,,,,,,,,,,,,,,,,,,,,,,,,,,,,,,,,,,,,,,,,,,,,,,,,,,,
1055,227907.0,,,,,,,,,,,,,,,,,0.010025062656641603,0.008941904446809082,,,,,,,,,,,,,,,,,,,,,,,,,,,,,,,,,,,,,,,,,,,,,,,,,,,,,,,,
1056,227907.0,,,,,,,,,,,,,,,,,0.03110047846889952,0.007153523557447266,,,,,,,,,,,,,,,,,,,,,,,,,,,,,,,,,,,,,,,,,,,,,,,,,,,,,,,,
1057,227907.0,,,,,,,,,,,,,,,,,0.008237986270022883,0.013412856670213623,,,,,,,,,,,,,,,,,,,,,,,,,,,,,,,,,,,,,,,,,,,,,,,,,,,,,,,,
1058,227909.0,,,,,,,,,,,,,,,,,0.031496062992125984,inf,,,,,,,,,,,,,,,,,,,,,,,,,,,,,,,,,,,,,,,,,,,,,,,,,,,,,,,,
1059,227909.0,,,,,,,,,,,,,,,,,0.0242024202420242,inf,,,,,,,,,,,,,,,,,,,,,,,,,,,,,,,,,,,,,,,,,,,,,,,,,,,,,,,,
1060,227909.0,,,,,,,,,,,,,,,,,0.044722719141323794,inf,,,,,,,,,,,,,,,,,,,,,,,,,,,,,,,,,,,,,,,,,,,,,,,,,,,,,,,,
1061,227909.0,,,,,,,,,,,,,,,,,0.026743075453677174,inf,,,,,,,,,,,,,,,,,,,,,,,,,,,,,,,,,,,,,,,,,,,,,,,,,,,,,,,,
1062,227910.0,,,,,,,,,,,,,,,,,0.007359705611775529,0.014936073604970726,,,,,,,,,,,,,,,,,,,,,,,,,,,,,,,,,,,,,,,,,,,,,,,,,,,,,,,,
1063,227912.0,,,,,,,,,,,,,,,,,0.02528735632183908,0.0003779289493575208,,,,,,,,,,,,,,,,,,,,,,,,,,,,,,,,,,,,,,,,,,,,,,,,,,,,,,,,
1064,227912.0,,,,,,,,,,,,,,,,,0.0347985347985348,6.298815822625347e-05,,,,,,,,,,,,,,,,,,,,,,,,,,,,,,,,,,,,,,,,,,,,,,,,,,,,,,,,
1046,227907.0,,,,,,,,,,,,,,,,,,,0.014035087719298246,0.0026825713340427244,,,,,,,,,,,,,,,,,,,,,,,,,,,,,,,,,,,,,,,,,,,,,,,,,,,,,,
1047,227907.0,,,,,,,,,,,,,,,,,,,0.010025062656641603,0.008941904446809082,,,,,,,,,,,,,,,,,,,,,,,,,,,,,,,,,,,,,,,,,,,,,,,,,,,,,,
1048,227907.0,,,,,,,,,,,,,,,,,,,0.03110047846889952,0.007153523557447266,,,,,,,,,,,,,,,,,,,,,,,,,,,,,,,,,,,,,,,,,,,,,,,,,,,,,,
1049,227907.0,,,,,,,,,,,,,,,,,,,0.008237986270022883,0.013412856670213623,,,,,,,,,,,,,,,,,,,,,,,,,,,,,,,,,,,,,,,,,,,,,,,,,,,,,,
1050,227909.0,,,,,,,,,,,,,,,,,,,0.031496062992125984,inf,,,,,,,,,,,,,,,,,,,,,,,,,,,,,,,,,,,,,,,,,,,,,,,,,,,,,,
1051,227909.0,,,,,,,,,,,,,,,,,,,0.0242024202420242,inf,,,,,,,,,,,,,,,,,,,,,,,,,,,,,,,,,,,,,,,,,,,,,,,,,,,,,,
1052,227909.0,,,,,,,,,,,,,,,,,,,0.044722719141323794,inf,,,,,,,,,,,,,,,,,,,,,,,,,,,,,,,,,,,,,,,,,,,,,,,,,,,,,,
1053,227909.0,,,,,,,,,,,,,,,,,,,0.026743075453677174,inf,,,,,,,,,,,,,,,,,,,,,,,,,,,,,,,,,,,,,,,,,,,,,,,,,,,,,,
1054,227910.0,,,,,,,,,,,,,,,,,,,0.007359705611775529,0.014936073604970726,,,,,,,,,,,,,,,,,,,,,,,,,,,,,,,,,,,,,,,,,,,,,,,,,,,,,,
1055,227912.0,,,,,,,,,,,,,,,,,,,0.02528735632183908,0.0003779289493575208,,,,,,,,,,,,,,,,,,,,,,,,,,,,,,,,,,,,,,,,,,,,,,,,,,,,,,
1056,227912.0,,,,,,,,,,,,,,,,,,,0.0347985347985348,6.298815822625347e-05,,,,,,,,,,,,,,,,,,,,,,,,,,,,,,,,,,,,,,,,,,,,,,,,,,,,,,
1046,227907.0,,,,,,,,,,,,,,,,,,,,,0.014035087719298246,0.0026825713340427244,,,,,,,,,,,,,,,,,,,,,,,,,,,,,,,,,,,,,,,,,,,,,,,,,,,,
1047,227907.0,,,,,,,,,,,,,,,,,,,,,0.010025062656641603,0.008941904446809082,,,,,,,,,,,,,,,,,,,,,,,,,,,,,,,,,,,,,,,,,,,,,,,,,,,,
1048,227907.0,,,,,,,,,,,,,,,,,,,,,0.03110047846889952,0.007153523557447266,,,,,,,,,,,,,,,,,,,,,,,,,,,,,,,,,,,,,,,,,,,,,,,,,,,,
1049,227907.0,,,,,,,,,,,,,,,,,,,,,0.008237986270022883,0.013412856670213623,,,,,,,,,,,,,,,,,,,,,,,,,,,,,,,,,,,,,,,,,,,,,,,,,,,,
1050,227909.0,,,,,,,,,,,,,,,,,,,,,0.031496062992125984,inf,,,,,,,,,,,,,,,,,,,,,,,,,,,,,,,,,,,,,,,,,,,,,,,,,,,,
1051,227909.0,,,,,,,,,,,,,,,,,,,,,0.0242024202420242,inf,,,,,,,,,,,,,,,,,,,,,,,,,,,,,,,,,,,,,,,,,,,,,,,,,,,,
1052,227909.0,,,,,,,,,,,,,,,,,,,,,0.04293381037567084,inf,,,,,,,,,,,,,,,,,,,,,,,,,,,,,,,,,,,,,,,,,,,,,,,,,,,,
1053,227909.0,,,,,,,,,,,,,,,,,,,,,0.026743075453677174,inf,,,,,,,,,,,,,,,,,,,,,,,,,,,,,,,,,,,,,,,,,,,,,,,,,,,,
1054,227910.0,,,,,,,,,,,,,,,,,,,,,0.007359705611775529,0.014936073604970726,,,,,,,,,,,,,,,,,,,,,,,,,,,,,,,,,,,,,,,,,,,,,,,,,,,,
1055,227912.0,,,,,,,,,,,,,,,,,,,,,0.02528735632183908,0.0003779289493575208,,,,,,,,,,,,,,,,,,,,,,,,,,,,,,,,,,,,,,,,,,,,,,,,,,,,
1056,227912.0,,,,,,,,,,,,,,,,,,,,,0.0347985347985348,6.298815822625347e-05,,,,,,,,,,,,,,,,,,,,,,,,,,,,,,,,,,,,,,,,,,,,,,,,,,,,
6315,227816.0,,,,,,,,,,,,,,,,,,,,,,,0.0,0.009264620729588882,,,,,,,,,,,,,,,,,,,,,,,,,,,,,,,,,,,,,,,,,,,,,,,,,,
6316,227816.0,,,,,,,,,,,,,,,,,,,,,,,0.0,0.004632310364794441,,,,,,,,,,,,,,,,,,,,,,,,,,,,,,,,,,,,,,,,,,,,,,,,,,
6317,227816.0,,,,,,,,,,,,,,,,,,,,,,,0.0075075075075075074,0.004632310364794441,,,,,,,,,,,,,,,,,,,,,,,,,,,,,,,,,,,,,,,,,,,,,,,,,,
6318,227816.0,,,,,,,,,,,,,,,,,,,,,,,0.011869436201780416,0.016213086276780544,,,,,,,,,,,,,,,,,,,,,,,,,,,,,,,,,,,,,,,,,,,,,,,,,,
6361,227824.0,,,,,,,,,,,,,,,,,,,,,,,0.0,0.0,,,,,,,,,,,,,,,,,,,,,,,,,,,,,,,,,,,,,,,,,,,,,,,,,,
6362,227824.0,,,,,,,,,,,,,,,,,,,,,,,0.0,0.0,,,,,,,,,,,,,,,,,,,,,,,,,,,,,,,,,,,,,,,,,,,,,,,,,,
6363,227824.0,,,,,,,,,,,,,,,,,,,,,,,0.0,0.0,,,,,,,,,,,,,,,,,,,,,,,,,,,,,,,,,,,,,,,,,,,,,,,,,,
6364,227824.0,,,,,,,,,,,,,,,,,,,,,,,0.036585365853658534,0.007526153383005945,,,,,,,,,,,,,,,,,,,,,,,,,,,,,,,,,,,,,,,,,,,,,,,,,,
6365,227825.0,,,,,,,,,,,,,,,,,,,,,,,0.007142857142857143,0.011083402604599613,,,,,,,,,,,,,,,,,,,,,,,,,,,,,,,,,,,,,,,,,,,,,,,,,,
6366,227825.0,,,,,,,,,,,,,,,,,,,,,,,0.014623172103487065,0.038791909116098644,,,,,,,,,,,,,,,,,,,,,,,,,,,,,,,,,,,,,,,,,,,,,,,,,,
6372,227901.0,,,,,,,,,,,,,,,,,,,,,,,0.0,0.0,,,,,,,,,,,,,,,,,,,,,,,,,,,,,,,,,,,,,,,,,,,,,,,,,,
6373,227901.0,,,,,,,,,,,,,,,,,,,,,,,0.0,0.0,,,,,,,,,,,,,,,,,,,,,,,,,,,,,,,,,,,,,,,,,,,,,,,,,,
6374,227901.0,,,,,,,,,,,,,,,,,,,,,,,0.0,0.0,,,,,,,,,,,,,,,,,,,,,,,,,,,,,,,,,,,,,,,,,,,,,,,,,,
6375,227901.0,,,,,,,,,,,,,,,,,,,,,,,0.0,0.0,,,,,,,,,,,,,,,,,,,,,,,,,,,,,,,,,,,,,,,,,,,,,,,,,,
6376,227901.0,,,,,,,,,,,,,,,,,,,,,,,0.0,0.0,,,,,,,,,,,,,,,,,,,,,,,,,,,,,,,,,,,,,,,,,,,,,,,,,,
6377,227901.0,,,,,,,,,,,,,,,,,,,,,,,0.0,0.0,,,,,,,,,,,,,,,,,,,,,,,,,,,,,,,,,,,,,,,,,,,,,,,,,,
6378,227901.0,,,,,,,,,,,,,,,,,,,,,,,0.0,0.0,,,,,,,,,,,,,,,,,,,,,,,,,,,,,,,,,,,,,,,,,,,,,,,,,,
6379,227901.0,,,,,,,,,,,,,,,,,,,,,,,0.0,0.0,,,,,,,,,,,,,,,,,,,,,,,,,,,,,,,,,,,,,,,,,,,,,,,,,,
6380,227901.0,,,,,,,,,,,,,,,,,,,,,,,,0.0,,,,,,,,,,,,,,,,,,,,,,,,,,,,,,,,,,,,,,,,,,,,,,,,,,
6381,227901.0,,,,,,,,,,,,,,,,,,,,,,,0.0,0.0,,,,,,,,,,,,,,,,,,,,,,,,,,,,,,,,,,,,,,,,,,,,,,,,,,
6382,227901.0,,,,,,,,,,,,,,,,,,,,,,,,0.0,,,,,,,,,,,,,,,,,,,,,,,,,,,,,,,,,,,,,,,,,,,,,,,,,,
6383,227901.0,,,,,,,,,,,,,,,,,,,,,,,0.0,0.0,,,,,,,,,,,,,,,,,,,,,,,,,,,,,,,,,,,,,,,,,,,,,,,,,,
6384,227901.0,,,,,,,,,,,,,,,,,,,,,,,,0.0,,,,,,,,,,,,,,,,,,,,,,,,,,,,,,,,,,,,,,,,,,,,,,,,,,
6385,227901.0,,,,,,,,,,,,,,,,,,,,,,,,0.0,,,,,,,,,,,,,,,,,,,,,,,,,,,,,,,,,,,,,,,,,,,,,,,,,,
6386,227901.0,,,,,,,,,,,,,,,,,,,,,,,,0.0,,,,,,,,,,,,,,,,,,,,,,,,,,,,,,,,,,,,,,,,,,,,,,,,,,
6387,227901.0,,,,,,,,,,,,,,,,,,,,,,,,0.0,,,,,,,,,,,,,,,,,,,,,,,,,,,,,,,,,,,,,,,,,,,,,,,,,,
6388,227901.0,,,,,,,,,,,,,,,,,,,,,,,,0.0,,,,,,,,,,,,,,,,,,,,,,,,,,,,,,,,,,,,,,,,,,,,,,,,,,
6389,227901.0,,,,,,,,,,,,,,,,,,,,,,,,0.0,,,,,,,,,,,,,,,,,,,,,,,,,,,,,,,,,,,,,,,,,,,,,,,,,,
6390,227901.0,,,,,,,,,,,,,,,,,,,,,,,0.0,0.0,,,,,,,,,,,,,,,,,,,,,,,,,,,,,,,,,,,,,,,,,,,,,,,,,,
6391,227901.0,,,,,,,,,,,,,,,,,,,,,,,0.0,0.0,,,,,,,,,,,,,,,,,,,,,,,,,,,,,,,,,,,,,,,,,,,,,,,,,,
6392,227901.0,,,,,,,,,,,,,,,,,,,,,,,0.0,0.0,,,,,,,,,,,,,,,,,,,,,,,,,,,,,,,,,,,,,,,,,,,,,,,,,,
6393,227901.0,,,,,,,,,,,,,,,,,,,,,,,,0.0,,,,,,,,,,,,,,,,,,,,,,,,,,,,,,,,,,,,,,,,,,,,,,,,,,
6394,227901.0,,,,,,,,,,,,,,,,,,,,,,,0.0,0.0,,,,,,,,,,,,,,,,,,,,,,,,,,,,,,,,,,,,,,,,,,,,,,,,,,
6395,227901.0,,,,,,,,,,,,,,,,,,,,,,,0.0,9.005293311408447e-05,,,,,,,,,,,,,,,,,,,,,,,,,,,,,,,,,,,,,,,,,,,,,,,,,,
6396,227901.0,,,,,,,,,,,,,,,,,,,,,,,0.0,9.005293311408447e-05,,,,,,,,,,,,,,,,,,,,,,,,,,,,,,,,,,,,,,,,,,,,,,,,,,
6397,227901.0,,,,,,,,,,,,,,,,,,,,,,,0.0,0.0007204234649126757,,,,,,,,,,,,,,,,,,,,,,,,,,,,,,,,,,,,,,,,,,,,,,,,,,
6398,227901.0,,,,,,,,,,,,,,,,,,,,,,,,9.005293311408447e-05,,,,,,,,,,,,,,,,,,,,,,,,,,,,,,,,,,,,,,,,,,,,,,,,,,
6399,227901.0,,,,,,,,,,,,,,,,,,,,,,,0.0,9.005293311408447e-05,,,,,,,,,,,,,,,,,,,,,,,,,,,,,,,,,,,,,,,,,,,,,,,,,,
6400,227901.0,,,,,,,,,,,,,,,,,,,,,,,0.0,0.0006303705317985912,,,,,,,,,,,,,,,,,,,,,,,,,,,,,,,,,,,,,,,,,,,,,,,,,,
6401,227901.0,,,,,,,,,,,,,,,,,,,,,,,0.0,0.0006303705317985912,,,,,,,,,,,,,,,,,,,,,,,,,,,,,,,,,,,,,,,,,,,,,,,,,,
6402,227901.0,,,,,,,,,,,,,,,,,,,,,,,0.0,0.0004502646655704223,,,,,,,,,,,,,,,,,,,,,,,,,,,,,,,,,,,,,,,,,,,,,,,,,,
6403,227901.0,,,,,,,,,,,,,,,,,,,,,,,0.0,0.00036021173245633786,,,,,,,,,,,,,,,,,,,,,,,,,,,,,,,,,,,,,,,,,,,,,,,,,,
6404,227901.0,,,,,,,,,,,,,,,,,,,,,,,0.0,9.005293311408447e-05,,,,,,,,,,,,,,,,,,,,,,,,,,,,,,,,,,,,,,,,,,,,,,,,,,
6405,227901.0,,,,,,,,,,,,,,,,,,,,,,,0.0,0.00036021173245633786,,,,,,,,,,,,,,,,,,,,,,,,,,,,,,,,,,,,,,,,,,,,,,,,,,
6406,227901.0,,,,,,,,,,,,,,,,,,,,,,,0.0,0.00027015879934225336,,,,,,,,,,,,,,,,,,,,,,,,,,,,,,,,,,,,,,,,,,,,,,,,,,
6407,227901.0,,,,,,,,,,,,,,,,,,,,,,,0.0,0.00036021173245633786,,,,,,,,,,,,,,,,,,,,,,,,,,,,,,,,,,,,,,,,,,,,,,,,,,
6408,227901.0,,,,,,,,,,,,,,,,,,,,,,,0.0,9.005293311408447e-05,,,,,,,,,,,,,,,,,,,,,,,,,,,,,,,,,,,,,,,,,,,,,,,,,,
6409,227901.0,,,,,,,,,,,,,,,,,,,,,,,0.0,9.005293311408447e-05,,,,,,,,,,,,,,,,,,,,,,,,,,,,,,,,,,,,,,,,,,,,,,,,,,
6410,227901.0,,,,,,,,,,,,,,,,,,,,,,,0.0,9.005293311408447e-05,,,,,,,,,,,,,,,,,,,,,,,,,,,,,,,,,,,,,,,,,,,,,,,,,,
6411,227901.0,,,,,,,,,,,,,,,,,,,,,,,0.0,9.005293311408447e-05,,,,,,,,,,,,,,,,,,,,,,,,,,,,,,,,,,,,,,,,,,,,,,,,,,
6412,227901.0,,,,,,,,,,,,,,,,,,,,,,,0.0,0.00036021173245633786,,,,,,,,,,,,,,,,,,,,,,,,,,,,,,,,,,,,,,,,,,,,,,,,,,
6413,227901.0,,,,,,,,,,,,,,,,,,,,,,,0.0,0.0004502646655704223,,,,,,,,,,,,,,,,,,,,,,,,,,,,,,,,,,,,,,,,,,,,,,,,,,
6443,227907.0,,,,,,,,,,,,,,,,,,,,,,,,0.0,,,,,,,,,,,,,,,,,,,,,,,,,,,,,,,,,,,,,,,,,,,,,,,,,,
6444,227907.0,,,,,,,,,,,,,,,,,,,,,,,,0.0,,,,,,,,,,,,,,,,,,,,,,,,,,,,,,,,,,,,,,,,,,,,,,,,,,
6445,227907.0,,,,,,,,,,,,,,,,,,,,,,,0.0,0.0017883808893618164,,,,,,,,,,,,,,,,,,,,,,,,,,,,,,,,,,,,,,,,,,,,,,,,,,
6446,227907.0,,,,,,,,,,,,,,,,,,,,,,,0.006765899864682003,0.0026825713340427244,,,,,,,,,,,,,,,,,,,,,,,,,,,,,,,,,,,,,,,,,,,,,,,,,,
6447,227907.0,,,,,,,,,,,,,,,,,,,,,,,0.014164305949008499,0.0,,,,,,,,,,,,,,,,,,,,,,,,,,,,,,,,,,,,,,,,,,,,,,,,,,
6448,227907.0,,,,,,,,,,,,,,,,,,,,,,,0.0109717868338558,0.005365142668085449,,,,,,,,,,,,,,,,,,,,,,,,,,,,,,,,,,,,,,,,,,,,,,,,,,
6449,227907.0,,,,,,,,,,,,,,,,,,,,,,,0.014035087719298246,0.0026825713340427244,,,,,,,,,,,,,,,,,,,,,,,,,,,,,,,,,,,,,,,,,,,,,,,,,,
6450,227907.0,,,,,,,,,,,,,,,,,,,,,,,0.010025062656641603,0.008941904446809082,,,,,,,,,,,,,,,,,,,,,,,,,,,,,,,,,,,,,,,,,,,,,,,,,,
6451,227907.0,,,,,,,,,,,,,,,,,,,,,,,0.03110047846889952,0.007153523557447266,,,,,,,,,,,,,,,,,,,,,,,,,,,,,,,,,,,,,,,,,,,,,,,,,,
6452,227907.0,,,,,,,,,,,,,,,,,,,,,,,0.008237986270022883,0.013412856670213623,,,,,,,,,,,,,,,,,,,,,,,,,,,,,,,,,,,,,,,,,,,,,,,,,,
6453,227909.0,,,,,,,,,,,,,,,,,,,,,,,,,,,,,,,,,,,,,,,,,,,,,,,,,,,,,,,,,,,,,,,,,,,,,,,,,,
6454,227909.0,,,,,,,,,,,,,,,,,,,,,,,,,,,,,,,,,,,,,,,,,,,,,,,,,,,,,,,,,,,,,,,,,,,,,,,,,,
6455,227909.0,,,,,,,,,,,,,,,,,,,,,,,0.0,,,,,,,,,,,,,,,,,,,,,,,,,,,,,,,,,,,,,,,,,,,,,,,,,,,
6456,227909.0,,,,,,,,,,,,,,,,,,,,,,,0.011029411764705883,inf,,,,,,,,,,,,,,,,,,,,,,,,,,,,,,,,,,,,,,,,,,,,,,,,,,
6457,227909.0,,,,,,,,,,,,,,,,,,,,,,,0.016286644951140065,inf,,,,,,,,,,,,,,,,,,,,,,,,,,,,,,,,,,,,,,,,,,,,,,,,,,
6458,227909.0,,,,,,,,,,,,,,,,,,,,,,,0.02111324376199616,inf,,,,,,,,,,,,,,,,,,,,,,,,,,,,,,,,,,,,,,,,,,,,,,,,,,
6459,227909.0,,,,,,,,,,,,,,,,,,,,,,,0.031496062992125984,inf,,,,,,,,,,,,,,,,,,,,,,,,,,,,,,,,,,,,,,,,,,,,,,,,,,
6460,227909.0,,,,,,,,,,,,,,,,,,,,,,,0.022298456260720412,inf,,,,,,,,,,,,,,,,,,,,,,,,,,,,,,,,,,,,,,,,,,,,,,,,,,
6461,227909.0,,,,,,,,,,,,,,,,,,,,,,,0.0242024202420242,inf,,,,,,,,,,,,,,,,,,,,,,,,,,,,,,,,,,,,,,,,,,,,,,,,,,
6462,227909.0,,,,,,,,,,,,,,,,,,,,,,,0.04293381037567084,inf,,,,,,,,,,,,,,,,,,,,,,,,,,,,,,,,,,,,,,,,,,,,,,,,,,
6463,227909.0,,,,,,,,,,,,,,,,,,,,,,,0.026743075453677174,inf,,,,,,,,,,,,,,,,,,,,,,,,,,,,,,,,,,,,,,,,,,,,,,,,,,
6464,227909.0,,,,,,,,,,,,,,,,,,,,,,,0.052053824362606235,inf,,,,,,,,,,,,,,,,,,,,,,,,,,,,,,,,,,,,,,,,,,,,,,,,,,
6465,227910.0,,,,,,,,,,,,,,,,,,,,,,,,0.0,,,,,,,,,,,,,,,,,,,,,,,,,,,,,,,,,,,,,,,,,,,,,,,,,,
6466,227910.0,,,,,,,,,,,,,,,,,,,,,,,0.0,0.002389771776795316,,,,,,,,,,,,,,,,,,,,,,,,,,,,,,,,,,,,,,,,,,,,,,,,,,
6467,227910.0,,,,,,,,,,,,,,,,,,,,,,,0.008305647840531562,0.000597442944198829,,,,,,,,,,,,,,,,,,,,,,,,,,,,,,,,,,,,,,,,,,,,,,,,,,
6468,227910.0,,,,,,,,,,,,,,,,,,,,,,,0.013468013468013467,0.0029872147209941452,,,,,,,,,,,,,,,,,,,,,,,,,,,,,,,,,,,,,,,,,,,,,,,,,,
6469,227910.0,,,,,,,,,,,,,,,,,,,,,,,0.017889087656529516,0.0029872147209941452,,,,,,,,,,,,,,,,,,,,,,,,,,,,,,,,,,,,,,,,,,,,,,,,,,
6470,227910.0,,,,,,,,,,,,,,,,,,,,,,,0.007359705611775529,0.014936073604970726,,,,,,,,,,,,,,,,,,,,,,,,,,,,,,,,,,,,,,,,,,,,,,,,,,
6471,227912.0,,,,,,,,,,,,,,,,,,,,,,,,0.0,,,,,,,,,,,,,,,,,,,,,,,,,,,,,,,,,,,,,,,,,,,,,,,,,,
6472,227912.0,,,,,,,,,,,,,,,,,,,,,,,0.021834061135371178,0.00012597631645250694,,,,,,,,,,,,,,,,,,,,,,,,,,,,,,,,,,,,,,,,,,,,,,,,,,
6473,227912.0,,,,,,,,,,,,,,,,,,,,,,,0.02528735632183908,0.0003779289493575208,,,,,,,,,,,,,,,,,,,,,,,,,,,,,,,,,,,,,,,,,,,,,,,,,,
6474,227912.0,,,,,,,,,,,,,,,,,,,,,,,0.0347985347985348,6.298815822625347e-05,,,,,,,,,,,,,,,,,,,,,,,,,,,,,,,,,,,,,,,,,,,,,,,,,,
6294,227816.0,,,,,,,,,,,,,,,,,,,,,,,,,0.0,0.009264620729588882,,,,,,,,,,,,,,,,,,,,,,,,,,,,,,,,,,,,,,,,,,,,,,,,
6295,227816.0,,,,,,,,,,,,,,,,,,,,,,,,,0.0,0.004632310364794441,,,,,,,,,,,,,,,,,,,,,,,,,,,,,,,,,,,,,,,,,,,,,,,,
6296,227816.0,,,,,,,,,,,,,,,,,,,,,,,,,0.0075075075075075074,0.004632310364794441,,,,,,,,,,,,,,,,,,,,,,,,,,,,,,,,,,,,,,,,,,,,,,,,
6297,227816.0,,,,,,,,,,,,,,,,,,,,,,,,,0.011869436201780416,0.016213086276780544,,,,,,,,,,,,,,,,,,,,,,,,,,,,,,,,,,,,,,,,,,,,,,,,
6339,227824.0,,,,,,,,,,,,,,,,,,,,,,,,,0.0,0.0,,,,,,,,,,,,,,,,,,,,,,,,,,,,,,,,,,,,,,,,,,,,,,,,
6340,227824.0,,,,,,,,,,,,,,,,,,,,,,,,,0.0,0.0,,,,,,,,,,,,,,,,,,,,,,,,,,,,,,,,,,,,,,,,,,,,,,,,
6341,227824.0,,,,,,,,,,,,,,,,,,,,,,,,,0.0,0.0,,,,,,,,,,,,,,,,,,,,,,,,,,,,,,,,,,,,,,,,,,,,,,,,
6342,227824.0,,,,,,,,,,,,,,,,,,,,,,,,,0.036585365853658534,0.007526153383005945,,,,,,,,,,,,,,,,,,,,,,,,,,,,,,,,,,,,,,,,,,,,,,,,
6343,227825.0,,,,,,,,,,,,,,,,,,,,,,,,,0.007142857142857143,0.011083402604599613,,,,,,,,,,,,,,,,,,,,,,,,,,,,,,,,,,,,,,,,,,,,,,,,
6344,227825.0,,,,,,,,,,,,,,,,,,,,,,,,,0.013498312710911136,0.038791909116098644,,,,,,,,,,,,,,,,,,,,,,,,,,,,,,,,,,,,,,,,,,,,,,,,
6350,227901.0,,,,,,,,,,,,,,,,,,,,,,,,,0.0,0.0,,,,,,,,,,,,,,,,,,,,,,,,,,,,,,,,,,,,,,,,,,,,,,,,
6351,227901.0,,,,,,,,,,,,,,,,,,,,,,,,,0.0,0.0,,,,,,,,,,,,,,,,,,,,,,,,,,,,,,,,,,,,,,,,,,,,,,,,
6352,227901.0,,,,,,,,,,,,,,,,,,,,,,,,,0.0,0.0,,,,,,,,,,,,,,,,,,,,,,,,,,,,,,,,,,,,,,,,,,,,,,,,
6353,227901.0,,,,,,,,,,,,,,,,,,,,,,,,,0.0,0.0,,,,,,,,,,,,,,,,,,,,,,,,,,,,,,,,,,,,,,,,,,,,,,,,
6354,227901.0,,,,,,,,,,,,,,,,,,,,,,,,,0.0,0.0,,,,,,,,,,,,,,,,,,,,,,,,,,,,,,,,,,,,,,,,,,,,,,,,
6355,227901.0,,,,,,,,,,,,,,,,,,,,,,,,,0.0,0.0,,,,,,,,,,,,,,,,,,,,,,,,,,,,,,,,,,,,,,,,,,,,,,,,
6356,227901.0,,,,,,,,,,,,,,,,,,,,,,,,,0.0,0.0,,,,,,,,,,,,,,,,,,,,,,,,,,,,,,,,,,,,,,,,,,,,,,,,
6357,227901.0,,,,,,,,,,,,,,,,,,,,,,,,,0.0,0.0,,,,,,,,,,,,,,,,,,,,,,,,,,,,,,,,,,,,,,,,,,,,,,,,
6358,227901.0,,,,,,,,,,,,,,,,,,,,,,,,,,0.0,,,,,,,,,,,,,,,,,,,,,,,,,,,,,,,,,,,,,,,,,,,,,,,,
6359,227901.0,,,,,,,,,,,,,,,,,,,,,,,,,0.0,0.0,,,,,,,,,,,,,,,,,,,,,,,,,,,,,,,,,,,,,,,,,,,,,,,,
6360,227901.0,,,,,,,,,,,,,,,,,,,,,,,,,,0.0,,,,,,,,,,,,,,,,,,,,,,,,,,,,,,,,,,,,,,,,,,,,,,,,
6361,227901.0,,,,,,,,,,,,,,,,,,,,,,,,,0.0,0.0,,,,,,,,,,,,,,,,,,,,,,,,,,,,,,,,,,,,,,,,,,,,,,,,
6362,227901.0,,,,,,,,,,,,,,,,,,,,,,,,,,0.0,,,,,,,,,,,,,,,,,,,,,,,,,,,,,,,,,,,,,,,,,,,,,,,,
6363,227901.0,,,,,,,,,,,,,,,,,,,,,,,,,,0.0,,,,,,,,,,,,,,,,,,,,,,,,,,,,,,,,,,,,,,,,,,,,,,,,
6364,227901.0,,,,,,,,,,,,,,,,,,,,,,,,,,0.0,,,,,,,,,,,,,,,,,,,,,,,,,,,,,,,,,,,,,,,,,,,,,,,,
6365,227901.0,,,,,,,,,,,,,,,,,,,,,,,,,,0.0,,,,,,,,,,,,,,,,,,,,,,,,,,,,,,,,,,,,,,,,,,,,,,,,
6366,227901.0,,,,,,,,,,,,,,,,,,,,,,,,,,0.0,,,,,,,,,,,,,,,,,,,,,,,,,,,,,,,,,,,,,,,,,,,,,,,,
6367,227901.0,,,,,,,,,,,,,,,,,,,,,,,,,,0.0,,,,,,,,,,,,,,,,,,,,,,,,,,,,,,,,,,,,,,,,,,,,,,,,
6368,227901.0,,,,,,,,,,,,,,,,,,,,,,,,,0.0,0.0,,,,,,,,,,,,,,,,,,,,,,,,,,,,,,,,,,,,,,,,,,,,,,,,
6369,227901.0,,,,,,,,,,,,,,,,,,,,,,,,,0.0,0.0,,,,,,,,,,,,,,,,,,,,,,,,,,,,,,,,,,,,,,,,,,,,,,,,
6370,227901.0,,,,,,,,,,,,,,,,,,,,,,,,,0.0,0.0,,,,,,,,,,,,,,,,,,,,,,,,,,,,,,,,,,,,,,,,,,,,,,,,
6371,227901.0,,,,,,,,,,,,,,,,,,,,,,,,,,0.0,,,,,,,,,,,,,,,,,,,,,,,,,,,,,,,,,,,,,,,,,,,,,,,,
6372,227901.0,,,,,,,,,,,,,,,,,,,,,,,,,0.0,0.0,,,,,,,,,,,,,,,,,,,,,,,,,,,,,,,,,,,,,,,,,,,,,,,,
6373,227901.0,,,,,,,,,,,,,,,,,,,,,,,,,0.0,9.005293311408447e-05,,,,,,,,,,,,,,,,,,,,,,,,,,,,,,,,,,,,,,,,,,,,,,,,
6374,227901.0,,,,,,,,,,,,,,,,,,,,,,,,,0.0,9.005293311408447e-05,,,,,,,,,,,,,,,,,,,,,,,,,,,,,,,,,,,,,,,,,,,,,,,,
6375,227901.0,,,,,,,,,,,,,,,,,,,,,,,,,0.0,0.0007204234649126757,,,,,,,,,,,,,,,,,,,,,,,,,,,,,,,,,,,,,,,,,,,,,,,,
6376,227901.0,,,,,,,,,,,,,,,,,,,,,,,,,,9.005293311408447e-05,,,,,,,,,,,,,,,,,,,,,,,,,,,,,,,,,,,,,,,,,,,,,,,,
6377,227901.0,,,,,,,,,,,,,,,,,,,,,,,,,0.0,9.005293311408447e-05,,,,,,,,,,,,,,,,,,,,,,,,,,,,,,,,,,,,,,,,,,,,,,,,
6378,227901.0,,,,,,,,,,,,,,,,,,,,,,,,,0.0,0.0006303705317985912,,,,,,,,,,,,,,,,,,,,,,,,,,,,,,,,,,,,,,,,,,,,,,,,
6379,227901.0,,,,,,,,,,,,,,,,,,,,,,,,,0.0,0.0006303705317985912,,,,,,,,,,,,,,,,,,,,,,,,,,,,,,,,,,,,,,,,,,,,,,,,
6380,227901.0,,,,,,,,,,,,,,,,,,,,,,,,,0.0,0.0004502646655704223,,,,,,,,,,,,,,,,,,,,,,,,,,,,,,,,,,,,,,,,,,,,,,,,
6381,227901.0,,,,,,,,,,,,,,,,,,,,,,,,,0.0,0.00036021173245633786,,,,,,,,,,,,,,,,,,,,,,,,,,,,,,,,,,,,,,,,,,,,,,,,
6382,227901.0,,,,,,,,,,,,,,,,,,,,,,,,,0.0,9.005293311408447e-05,,,,,,,,,,,,,,,,,,,,,,,,,,,,,,,,,,,,,,,,,,,,,,,,
6383,227901.0,,,,,,,,,,,,,,,,,,,,,,,,,0.0,0.00036021173245633786,,,,,,,,,,,,,,,,,,,,,,,,,,,,,,,,,,,,,,,,,,,,,,,,
6384,227901.0,,,,,,,,,,,,,,,,,,,,,,,,,0.0,0.00027015879934225336,,,,,,,,,,,,,,,,,,,,,,,,,,,,,,,,,,,,,,,,,,,,,,,,
6385,227901.0,,,,,,,,,,,,,,,,,,,,,,,,,0.0,0.00036021173245633786,,,,,,,,,,,,,,,,,,,,,,,,,,,,,,,,,,,,,,,,,,,,,,,,
6386,227901.0,,,,,,,,,,,,,,,,,,,,,,,,,0.0,9.005293311408447e-05,,,,,,,,,,,,,,,,,,,,,,,,,,,,,,,,,,,,,,,,,,,,,,,,
6387,227901.0,,,,,,,,,,,,,,,,,,,,,,,,,0.0,9.005293311408447e-05,,,,,,,,,,,,,,,,,,,,,,,,,,,,,,,,,,,,,,,,,,,,,,,,
6388,227901.0,,,,,,,,,,,,,,,,,,,,,,,,,0.0,9.005293311408447e-05,,,,,,,,,,,,,,,,,,,,,,,,,,,,,,,,,,,,,,,,,,,,,,,,
6389,227901.0,,,,,,,,,,,,,,,,,,,,,,,,,0.0,9.005293311408447e-05,,,,,,,,,,,,,,,,,,,,,,,,,,,,,,,,,,,,,,,,,,,,,,,,
6390,227901.0,,,,,,,,,,,,,,,,,,,,,,,,,0.0,0.00036021173245633786,,,,,,,,,,,,,,,,,,,,,,,,,,,,,,,,,,,,,,,,,,,,,,,,
6391,227901.0,,,,,,,,,,,,,,,,,,,,,,,,,0.0,0.0004502646655704223,,,,,,,,,,,,,,,,,,,,,,,,,,,,,,,,,,,,,,,,,,,,,,,,
6421,227907.0,,,,,,,,,,,,,,,,,,,,,,,,,,0.0,,,,,,,,,,,,,,,,,,,,,,,,,,,,,,,,,,,,,,,,,,,,,,,,
6422,227907.0,,,,,,,,,,,,,,,,,,,,,,,,,,0.0,,,,,,,,,,,,,,,,,,,,,,,,,,,,,,,,,,,,,,,,,,,,,,,,
6423,227907.0,,,,,,,,,,,,,,,,,,,,,,,,,0.0,0.0017883808893618164,,,,,,,,,,,,,,,,,,,,,,,,,,,,,,,,,,,,,,,,,,,,,,,,
6424,227907.0,,,,,,,,,,,,,,,,,,,,,,,,,0.014164305949008499,0.0,,,,,,,,,,,,,,,,,,,,,,,,,,,,,,,,,,,,,,,,,,,,,,,,
6425,227907.0,,,,,,,,,,,,,,,,,,,,,,,,,0.006765899864682003,0.0026825713340427244,,,,,,,,,,,,,,,,,,,,,,,,,,,,,,,,,,,,,,,,,,,,,,,,
6426,227907.0,,,,,,,,,,,,,,,,,,,,,,,,,0.0109717868338558,0.005365142668085449,,,,,,,,,,,,,,,,,,,,,,,,,,,,,,,,,,,,,,,,,,,,,,,,
6427,227907.0,,,,,,,,,,,,,,,,,,,,,,,,,0.010025062656641603,0.008941904446809082,,,,,,,,,,,,,,,,,,,,,,,,,,,,,,,,,,,,,,,,,,,,,,,,
6428,227907.0,,,,,,,,,,,,,,,,,,,,,,,,,0.014035087719298246,0.0026825713340427244,,,,,,,,,,,,,,,,,,,,,,,,,,,,,,,,,,,,,,,,,,,,,,,,
6429,227907.0,,,,,,,,,,,,,,,,,,,,,,,,,0.03110047846889952,0.007153523557447266,,,,,,,,,,,,,,,,,,,,,,,,,,,,,,,,,,,,,,,,,,,,,,,,
6430,227907.0,,,,,,,,,,,,,,,,,,,,,,,,,0.008237986270022883,0.013412856670213623,,,,,,,,,,,,,,,,,,,,,,,,,,,,,,,,,,,,,,,,,,,,,,,,
6431,227909.0,,,,,,,,,,,,,,,,,,,,,,,,,,,,,,,,,,,,,,,,,,,,,,,,,,,,,,,,,,,,,,,,,,,,,,,,,,
6432,227909.0,,,,,,,,,,,,,,,,,,,,,,,,,,,,,,,,,,,,,,,,,,,,,,,,,,,,,,,,,,,,,,,,,,,,,,,,,,
6433,227909.0,,,,,,,,,,,,,,,,,,,,,,,,,0.0,,,,,,,,,,,,,,,,,,,,,,,,,,,,,,,,,,,,,,,,,,,,,,,,,
6434,227909.0,,,,,,,,,,,,,,,,,,,,,,,,,0.011029411764705883,inf,,,,,,,,,,,,,,,,,,,,,,,,,,,,,,,,,,,,,,,,,,,,,,,,
6435,227909.0,,,,,,,,,,,,,,,,,,,,,,,,,0.016286644951140065,inf,,,,,,,,,,,,,,,,,,,,,,,,,,,,,,,,,,,,,,,,,,,,,,,,
6436,227909.0,,,,,,,,,,,,,,,,,,,,,,,,,0.02111324376199616,inf,,,,,,,,,,,,,,,,,,,,,,,,,,,,,,,,,,,,,,,,,,,,,,,,
6437,227909.0,,,,,,,,,,,,,,,,,,,,,,,,,0.031496062992125984,inf,,,,,,,,,,,,,,,,,,,,,,,,,,,,,,,,,,,,,,,,,,,,,,,,
6438,227909.0,,,,,,,,,,,,,,,,,,,,,,,,,0.022298456260720412,inf,,,,,,,,,,,,,,,,,,,,,,,,,,,,,,,,,,,,,,,,,,,,,,,,
6439,227909.0,,,,,,,,,,,,,,,,,,,,,,,,,0.0242024202420242,inf,,,,,,,,,,,,,,,,,,,,,,,,,,,,,,,,,,,,,,,,,,,,,,,,
6440,227909.0,,,,,,,,,,,,,,,,,,,,,,,,,0.04293381037567084,inf,,,,,,,,,,,,,,,,,,,,,,,,,,,,,,,,,,,,,,,,,,,,,,,,
6441,227909.0,,,,,,,,,,,,,,,,,,,,,,,,,0.026743075453677174,inf,,,,,,,,,,,,,,,,,,,,,,,,,,,,,,,,,,,,,,,,,,,,,,,,
6442,227909.0,,,,,,,,,,,,,,,,,,,,,,,,,0.052053824362606235,inf,,,,,,,,,,,,,,,,,,,,,,,,,,,,,,,,,,,,,,,,,,,,,,,,
6443,227910.0,,,,,,,,,,,,,,,,,,,,,,,,,,0.0,,,,,,,,,,,,,,,,,,,,,,,,,,,,,,,,,,,,,,,,,,,,,,,,
6444,227910.0,,,,,,,,,,,,,,,,,,,,,,,,,0.0,0.002389771776795316,,,,,,,,,,,,,,,,,,,,,,,,,,,,,,,,,,,,,,,,,,,,,,,,
6445,227910.0,,,,,,,,,,,,,,,,,,,,,,,,,0.008305647840531562,0.000597442944198829,,,,,,,,,,,,,,,,,,,,,,,,,,,,,,,,,,,,,,,,,,,,,,,,
6446,227910.0,,,,,,,,,,,,,,,,,,,,,,,,,0.013468013468013467,0.0029872147209941452,,,,,,,,,,,,,,,,,,,,,,,,,,,,,,,,,,,,,,,,,,,,,,,,
6447,227910.0,,,,,,,,,,,,,,,,,,,,,,,,,0.017889087656529516,0.0029872147209941452,,,,,,,,,,,,,,,,,,,,,,,,,,,,,,,,,,,,,,,,,,,,,,,,
6448,227910.0,,,,,,,,,,,,,,,,,,,,,,,,,0.007359705611775529,0.014936073604970726,,,,,,,,,,,,,,,,,,,,,,,,,,,,,,,,,,,,,,,,,,,,,,,,
6449,227912.0,,,,,,,,,,,,,,,,,,,,,,,,,,0.0,,,,,,,,,,,,,,,,,,,,,,,,,,,,,,,,,,,,,,,,,,,,,,,,
6450,227912.0,,,,,,,,,,,,,,,,,,,,,,,,,0.021834061135371178,0.00012597631645250694,,,,,,,,,,,,,,,,,,,,,,,,,,,,,,,,,,,,,,,,,,,,,,,,
6451,227912.0,,,,,,,,,,,,,,,,,,,,,,,,,0.02528735632183908,0.0003779289493575208,,,,,,,,,,,,,,,,,,,,,,,,,,,,,,,,,,,,,,,,,,,,,,,,
6452,227912.0,,,,,,,,,,,,,,,,,,,,,,,,,0.0347985347985348,6.298815822625347e-05,,,,,,,,,,,,,,,,,,,,,,,,,,,,,,,,,,,,,,,,,,,,,,,,
6275,227816.0,,,,,,,,,,,,,,,,,,,,,,,,,,,0.0,0.009264620729588882,,,,,,,,,,,,,,,,,,,,,,,,,,,,,,,,,,,,,,,,,,,,,,
6276,227816.0,,,,,,,,,,,,,,,,,,,,,,,,,,,0.0,0.004632310364794441,,,,,,,,,,,,,,,,,,,,,,,,,,,,,,,,,,,,,,,,,,,,,,
6277,227816.0,,,,,,,,,,,,,,,,,,,,,,,,,,,0.0075075075075075074,0.004632310364794441,,,,,,,,,,,,,,,,,,,,,,,,,,,,,,,,,,,,,,,,,,,,,,
6278,227816.0,,,,,,,,,,,,,,,,,,,,,,,,,,,0.011869436201780416,0.016213086276780544,,,,,,,,,,,,,,,,,,,,,,,,,,,,,,,,,,,,,,,,,,,,,,
6320,227824.0,,,,,,,,,,,,,,,,,,,,,,,,,,,0.0,0.0,,,,,,,,,,,,,,,,,,,,,,,,,,,,,,,,,,,,,,,,,,,,,,
6321,227824.0,,,,,,,,,,,,,,,,,,,,,,,,,,,0.0,0.0,,,,,,,,,,,,,,,,,,,,,,,,,,,,,,,,,,,,,,,,,,,,,,
6322,227824.0,,,,,,,,,,,,,,,,,,,,,,,,,,,0.0,0.0,,,,,,,,,,,,,,,,,,,,,,,,,,,,,,,,,,,,,,,,,,,,,,
6323,227824.0,,,,,,,,,,,,,,,,,,,,,,,,,,,0.036585365853658534,0.007526153383005945,,,,,,,,,,,,,,,,,,,,,,,,,,,,,,,,,,,,,,,,,,,,,,
6324,227825.0,,,,,,,,,,,,,,,,,,,,,,,,,,,0.007142857142857143,0.011083402604599613,,,,,,,,,,,,,,,,,,,,,,,,,,,,,,,,,,,,,,,,,,,,,,
6325,227825.0,,,,,,,,,,,,,,,,,,,,,,,,,,,0.013498312710911136,0.038791909116098644,,,,,,,,,,,,,,,,,,,,,,,,,,,,,,,,,,,,,,,,,,,,,,
6331,227901.0,,,,,,,,,,,,,,,,,,,,,,,,,,,0.0,0.0,,,,,,,,,,,,,,,,,,,,,,,,,,,,,,,,,,,,,,,,,,,,,,
6332,227901.0,,,,,,,,,,,,,,,,,,,,,,,,,,,0.0,0.0,,,,,,,,,,,,,,,,,,,,,,,,,,,,,,,,,,,,,,,,,,,,,,
6333,227901.0,,,,,,,,,,,,,,,,,,,,,,,,,,,0.0,0.0,,,,,,,,,,,,,,,,,,,,,,,,,,,,,,,,,,,,,,,,,,,,,,
6334,227901.0,,,,,,,,,,,,,,,,,,,,,,,,,,,0.0,0.0,,,,,,,,,,,,,,,,,,,,,,,,,,,,,,,,,,,,,,,,,,,,,,
6335,227901.0,,,,,,,,,,,,,,,,,,,,,,,,,,,0.0,0.0,,,,,,,,,,,,,,,,,,,,,,,,,,,,,,,,,,,,,,,,,,,,,,
6336,227901.0,,,,,,,,,,,,,,,,,,,,,,,,,,,0.0,0.0,,,,,,,,,,,,,,,,,,,,,,,,,,,,,,,,,,,,,,,,,,,,,,
6337,227901.0,,,,,,,,,,,,,,,,,,,,,,,,,,,0.0,0.0,,,,,,,,,,,,,,,,,,,,,,,,,,,,,,,,,,,,,,,,,,,,,,
6338,227901.0,,,,,,,,,,,,,,,,,,,,,,,,,,,0.0,0.0,,,,,,,,,,,,,,,,,,,,,,,,,,,,,,,,,,,,,,,,,,,,,,
6339,227901.0,,,,,,,,,,,,,,,,,,,,,,,,,,,,0.0,,,,,,,,,,,,,,,,,,,,,,,,,,,,,,,,,,,,,,,,,,,,,,
6340,227901.0,,,,,,,,,,,,,,,,,,,,,,,,,,,0.0,0.0,,,,,,,,,,,,,,,,,,,,,,,,,,,,,,,,,,,,,,,,,,,,,,
6341,227901.0,,,,,,,,,,,,,,,,,,,,,,,,,,,,0.0,,,,,,,,,,,,,,,,,,,,,,,,,,,,,,,,,,,,,,,,,,,,,,
6342,227901.0,,,,,,,,,,,,,,,,,,,,,,,,,,,0.0,0.0,,,,,,,,,,,,,,,,,,,,,,,,,,,,,,,,,,,,,,,,,,,,,,
6343,227901.0,,,,,,,,,,,,,,,,,,,,,,,,,,,,0.0,,,,,,,,,,,,,,,,,,,,,,,,,,,,,,,,,,,,,,,,,,,,,,
6344,227901.0,,,,,,,,,,,,,,,,,,,,,,,,,,,,0.0,,,,,,,,,,,,,,,,,,,,,,,,,,,,,,,,,,,,,,,,,,,,,,
6345,227901.0,,,,,,,,,,,,,,,,,,,,,,,,,,,,0.0,,,,,,,,,,,,,,,,,,,,,,,,,,,,,,,,,,,,,,,,,,,,,,
6346,227901.0,,,,,,,,,,,,,,,,,,,,,,,,,,,,0.0,,,,,,,,,,,,,,,,,,,,,,,,,,,,,,,,,,,,,,,,,,,,,,
6347,227901.0,,,,,,,,,,,,,,,,,,,,,,,,,,,,0.0,,,,,,,,,,,,,,,,,,,,,,,,,,,,,,,,,,,,,,,,,,,,,,
6348,227901.0,,,,,,,,,,,,,,,,,,,,,,,,,,,,0.0,,,,,,,,,,,,,,,,,,,,,,,,,,,,,,,,,,,,,,,,,,,,,,
6349,227901.0,,,,,,,,,,,,,,,,,,,,,,,,,,,0.0,0.0,,,,,,,,,,,,,,,,,,,,,,,,,,,,,,,,,,,,,,,,,,,,,,
6350,227901.0,,,,,,,,,,,,,,,,,,,,,,,,,,,0.0,0.0,,,,,,,,,,,,,,,,,,,,,,,,,,,,,,,,,,,,,,,,,,,,,,
6351,227901.0,,,,,,,,,,,,,,,,,,,,,,,,,,,0.0,0.0,,,,,,,,,,,,,,,,,,,,,,,,,,,,,,,,,,,,,,,,,,,,,,
6352,227901.0,,,,,,,,,,,,,,,,,,,,,,,,,,,,0.0,,,,,,,,,,,,,,,,,,,,,,,,,,,,,,,,,,,,,,,,,,,,,,
6353,227901.0,,,,,,,,,,,,,,,,,,,,,,,,,,,0.0,0.0,,,,,,,,,,,,,,,,,,,,,,,,,,,,,,,,,,,,,,,,,,,,,,
6354,227901.0,,,,,,,,,,,,,,,,,,,,,,,,,,,0.0,9.005293311408447e-05,,,,,,,,,,,,,,,,,,,,,,,,,,,,,,,,,,,,,,,,,,,,,,
6355,227901.0,,,,,,,,,,,,,,,,,,,,,,,,,,,0.0,9.005293311408447e-05,,,,,,,,,,,,,,,,,,,,,,,,,,,,,,,,,,,,,,,,,,,,,,
6356,227901.0,,,,,,,,,,,,,,,,,,,,,,,,,,,0.0,0.0007204234649126757,,,,,,,,,,,,,,,,,,,,,,,,,,,,,,,,,,,,,,,,,,,,,,
6357,227901.0,,,,,,,,,,,,,,,,,,,,,,,,,,,,9.005293311408447e-05,,,,,,,,,,,,,,,,,,,,,,,,,,,,,,,,,,,,,,,,,,,,,,
6358,227901.0,,,,,,,,,,,,,,,,,,,,,,,,,,,0.0,9.005293311408447e-05,,,,,,,,,,,,,,,,,,,,,,,,,,,,,,,,,,,,,,,,,,,,,,
6359,227901.0,,,,,,,,,,,,,,,,,,,,,,,,,,,0.0,0.0006303705317985912,,,,,,,,,,,,,,,,,,,,,,,,,,,,,,,,,,,,,,,,,,,,,,
6360,227901.0,,,,,,,,,,,,,,,,,,,,,,,,,,,0.0,0.0006303705317985912,,,,,,,,,,,,,,,,,,,,,,,,,,,,,,,,,,,,,,,,,,,,,,
6361,227901.0,,,,,,,,,,,,,,,,,,,,,,,,,,,0.0,0.0004502646655704223,,,,,,,,,,,,,,,,,,,,,,,,,,,,,,,,,,,,,,,,,,,,,,
6362,227901.0,,,,,,,,,,,,,,,,,,,,,,,,,,,0.0,0.00036021173245633786,,,,,,,,,,,,,,,,,,,,,,,,,,,,,,,,,,,,,,,,,,,,,,
6363,227901.0,,,,,,,,,,,,,,,,,,,,,,,,,,,0.0,9.005293311408447e-05,,,,,,,,,,,,,,,,,,,,,,,,,,,,,,,,,,,,,,,,,,,,,,
6364,227901.0,,,,,,,,,,,,,,,,,,,,,,,,,,,0.0,0.00036021173245633786,,,,,,,,,,,,,,,,,,,,,,,,,,,,,,,,,,,,,,,,,,,,,,
6365,227901.0,,,,,,,,,,,,,,,,,,,,,,,,,,,0.0,0.00027015879934225336,,,,,,,,,,,,,,,,,,,,,,,,,,,,,,,,,,,,,,,,,,,,,,
6366,227901.0,,,,,,,,,,,,,,,,,,,,,,,,,,,0.0,0.00036021173245633786,,,,,,,,,,,,,,,,,,,,,,,,,,,,,,,,,,,,,,,,,,,,,,
6367,227901.0,,,,,,,,,,,,,,,,,,,,,,,,,,,0.0,9.005293311408447e-05,,,,,,,,,,,,,,,,,,,,,,,,,,,,,,,,,,,,,,,,,,,,,,
6368,227901.0,,,,,,,,,,,,,,,,,,,,,,,,,,,0.0,9.005293311408447e-05,,,,,,,,,,,,,,,,,,,,,,,,,,,,,,,,,,,,,,,,,,,,,,
6369,227901.0,,,,,,,,,,,,,,,,,,,,,,,,,,,0.0,9.005293311408447e-05,,,,,,,,,,,,,,,,,,,,,,,,,,,,,,,,,,,,,,,,,,,,,,
6370,227901.0,,,,,,,,,,,,,,,,,,,,,,,,,,,0.0,9.005293311408447e-05,,,,,,,,,,,,,,,,,,,,,,,,,,,,,,,,,,,,,,,,,,,,,,
6371,227901.0,,,,,,,,,,,,,,,,,,,,,,,,,,,0.0,0.00036021173245633786,,,,,,,,,,,,,,,,,,,,,,,,,,,,,,,,,,,,,,,,,,,,,,
6372,227901.0,,,,,,,,,,,,,,,,,,,,,,,,,,,0.0,0.0004502646655704223,,,,,,,,,,,,,,,,,,,,,,,,,,,,,,,,,,,,,,,,,,,,,,
6403,227907.0,,,,,,,,,,,,,,,,,,,,,,,,,,,,0.0,,,,,,,,,,,,,,,,,,,,,,,,,,,,,,,,,,,,,,,,,,,,,,
6404,227907.0,,,,,,,,,,,,,,,,,,,,,,,,,,,,0.0,,,,,,,,,,,,,,,,,,,,,,,,,,,,,,,,,,,,,,,,,,,,,,
6405,227907.0,,,,,,,,,,,,,,,,,,,,,,,,,,,0.0,0.0017883808893618164,,,,,,,,,,,,,,,,,,,,,,,,,,,,,,,,,,,,,,,,,,,,,,
6406,227907.0,,,,,,,,,,,,,,,,,,,,,,,,,,,0.014164305949008499,0.0,,,,,,,,,,,,,,,,,,,,,,,,,,,,,,,,,,,,,,,,,,,,,,
6407,227907.0,,,,,,,,,,,,,,,,,,,,,,,,,,,0.012280701754385965,0.0026825713340427244,,,,,,,,,,,,,,,,,,,,,,,,,,,,,,,,,,,,,,,,,,,,,,
6408,227907.0,,,,,,,,,,,,,,,,,,,,,,,,,,,0.0109717868338558,0.005365142668085449,,,,,,,,,,,,,,,,,,,,,,,,,,,,,,,,,,,,,,,,,,,,,,
6409,227907.0,,,,,,,,,,,,,,,,,,,,,,,,,,,0.010025062656641603,0.008941904446809082,,,,,,,,,,,,,,,,,,,,,,,,,,,,,,,,,,,,,,,,,,,,,,
6410,227907.0,,,,,,,,,,,,,,,,,,,,,,,,,,,0.02631578947368421,0.007153523557447266,,,,,,,,,,,,,,,,,,,,,,,,,,,,,,,,,,,,,,,,,,,,,,
6411,227907.0,,,,,,,,,,,,,,,,,,,,,,,,,,,0.008237986270022883,0.013412856670213623,,,,,,,,,,,,,,,,,,,,,,,,,,,,,,,,,,,,,,,,,,,,,,
6412,227909.0,,,,,,,,,,,,,,,,,,,,,,,,,,,,,,,,,,,,,,,,,,,,,,,,,,,,,,,,,,,,,,,,,,,,,,,,,,
6413,227909.0,,,,,,,,,,,,,,,,,,,,,,,,,,,,,,,,,,,,,,,,,,,,,,,,,,,,,,,,,,,,,,,,,,,,,,,,,,
6414,227909.0,,,,,,,,,,,,,,,,,,,,,,,,,,,0.0,,,,,,,,,,,,,,,,,,,,,,,,,,,,,,,,,,,,,,,,,,,,,,,
6415,227909.0,,,,,,,,,,,,,,,,,,,,,,,,,,,0.011029411764705883,inf,,,,,,,,,,,,,,,,,,,,,,,,,,,,,,,,,,,,,,,,,,,,,,
6416,227909.0,,,,,,,,,,,,,,,,,,,,,,,,,,,0.014657980456026058,inf,,,,,,,,,,,,,,,,,,,,,,,,,,,,,,,,,,,,,,,,,,,,,,
6417,227909.0,,,,,,,,,,,,,,,,,,,,,,,,,,,0.02111324376199616,inf,,,,,,,,,,,,,,,,,,,,,,,,,,,,,,,,,,,,,,,,,,,,,,
6418,227909.0,,,,,,,,,,,,,,,,,,,,,,,,,,,0.031496062992125984,inf,,,,,,,,,,,,,,,,,,,,,,,,,,,,,,,,,,,,,,,,,,,,,,
6419,227909.0,,,,,,,,,,,,,,,,,,,,,,,,,,,0.022298456260720412,inf,,,,,,,,,,,,,,,,,,,,,,,,,,,,,,,,,,,,,,,,,,,,,,
6420,227909.0,,,,,,,,,,,,,,,,,,,,,,,,,,,0.0242024202420242,inf,,,,,,,,,,,,,,,,,,,,,,,,,,,,,,,,,,,,,,,,,,,,,,
6421,227909.0,,,,,,,,,,,,,,,,,,,,,,,,,,,0.04293381037567084,inf,,,,,,,,,,,,,,,,,,,,,,,,,,,,,,,,,,,,,,,,,,,,,,
6422,227909.0,,,,,,,,,,,,,,,,,,,,,,,,,,,0.026743075453677174,inf,,,,,,,,,,,,,,,,,,,,,,,,,,,,,,,,,,,,,,,,,,,,,,
6423,227909.0,,,,,,,,,,,,,,,,,,,,,,,,,,,0.05099150141643059,inf,,,,,,,,,,,,,,,,,,,,,,,,,,,,,,,,,,,,,,,,,,,,,,
6424,227910.0,,,,,,,,,,,,,,,,,,,,,,,,,,,,0.0,,,,,,,,,,,,,,,,,,,,,,,,,,,,,,,,,,,,,,,,,,,,,,
6425,227910.0,,,,,,,,,,,,,,,,,,,,,,,,,,,0.0,0.002389771776795316,,,,,,,,,,,,,,,,,,,,,,,,,,,,,,,,,,,,,,,,,,,,,,
6426,227910.0,,,,,,,,,,,,,,,,,,,,,,,,,,,0.008305647840531562,0.000597442944198829,,,,,,,,,,,,,,,,,,,,,,,,,,,,,,,,,,,,,,,,,,,,,,
6427,227910.0,,,,,,,,,,,,,,,,,,,,,,,,,,,0.013468013468013467,0.0029872147209941452,,,,,,,,,,,,,,,,,,,,,,,,,,,,,,,,,,,,,,,,,,,,,,
6428,227910.0,,,,,,,,,,,,,,,,,,,,,,,,,,,0.017889087656529516,0.0029872147209941452,,,,,,,,,,,,,,,,,,,,,,,,,,,,,,,,,,,,,,,,,,,,,,
6429,227910.0,,,,,,,,,,,,,,,,,,,,,,,,,,,0.007053051211284882,0.014936073604970726,,,,,,,,,,,,,,,,,,,,,,,,,,,,,,,,,,,,,,,,,,,,,,
6430,227912.0,,,,,,,,,,,,,,,,,,,,,,,,,,,,0.0,,,,,,,,,,,,,,,,,,,,,,,,,,,,,,,,,,,,,,,,,,,,,,
6431,227912.0,,,,,,,,,,,,,,,,,,,,,,,,,,,0.021834061135371178,0.00012597631645250694,,,,,,,,,,,,,,,,,,,,,,,,,,,,,,,,,,,,,,,,,,,,,,
6432,227912.0,,,,,,,,,,,,,,,,,,,,,,,,,,,0.02528735632183908,0.0003779289493575208,,,,,,,,,,,,,,,,,,,,,,,,,,,,,,,,,,,,,,,,,,,,,,
6433,227912.0,,,,,,,,,,,,,,,,,,,,,,,,,,,0.0347985347985348,6.298815822625347e-05,,,,,,,,,,,,,,,,,,,,,,,,,,,,,,,,,,,,,,,,,,,,,,
1009,227907.0,,,,,,,,,,,,,,,,,,,,,,,,,,,,,0.012280701754385965,0.0026825713340427244,,,,,,,,,,,,,,,,,,,,,,,,,,,,,,,,,,,,,,,,,,,,
1010,227907.0,,,,,,,,,,,,,,,,,,,,,,,,,,,,,0.010025062656641603,0.008941904446809082,,,,,,,,,,,,,,,,,,,,,,,,,,,,,,,,,,,,,,,,,,,,
1011,227907.0,,,,,,,,,,,,,,,,,,,,,,,,,,,,,0.02631578947368421,0.007153523557447266,,,,,,,,,,,,,,,,,,,,,,,,,,,,,,,,,,,,,,,,,,,,
1012,227907.0,,,,,,,,,,,,,,,,,,,,,,,,,,,,,0.008237986270022883,0.013412856670213623,,,,,,,,,,,,,,,,,,,,,,,,,,,,,,,,,,,,,,,,,,,,
1013,227909.0,,,,,,,,,,,,,,,,,,,,,,,,,,,,,0.031496062992125984,inf,,,,,,,,,,,,,,,,,,,,,,,,,,,,,,,,,,,,,,,,,,,,
1014,227909.0,,,,,,,,,,,,,,,,,,,,,,,,,,,,,0.0242024202420242,inf,,,,,,,,,,,,,,,,,,,,,,,,,,,,,,,,,,,,,,,,,,,,
1015,227909.0,,,,,,,,,,,,,,,,,,,,,,,,,,,,,0.04293381037567084,inf,,,,,,,,,,,,,,,,,,,,,,,,,,,,,,,,,,,,,,,,,,,,
1016,227909.0,,,,,,,,,,,,,,,,,,,,,,,,,,,,,0.026743075453677174,inf,,,,,,,,,,,,,,,,,,,,,,,,,,,,,,,,,,,,,,,,,,,,
1017,227910.0,,,,,,,,,,,,,,,,,,,,,,,,,,,,,0.0061330880098129405,0.014936073604970726,,,,,,,,,,,,,,,,,,,,,,,,,,,,,,,,,,,,,,,,,,,,
1018,227912.0,,,,,,,,,,,,,,,,,,,,,,,,,,,,,0.02528735632183908,0.0003779289493575208,,,,,,,,,,,,,,,,,,,,,,,,,,,,,,,,,,,,,,,,,,,,
1019,227912.0,,,,,,,,,,,,,,,,,,,,,,,,,,,,,0.03296703296703297,6.298815822625347e-05,,,,,,,,,,,,,,,,,,,,,,,,,,,,,,,,,,,,,,,,,,,,
996,227907.0,,,,,,,,,,,,,,,,,,,,,,,,,,,,,,,0.012280701754385965,0.0026825713340427244,,,,,,,,,,,,,,,,,,,,,,,,,,,,,,,,,,,,,,,,,,
997,227907.0,,,,,,,,,,,,,,,,,,,,,,,,,,,,,,,0.008771929824561403,0.008941904446809082,,,,,,,,,,,,,,,,,,,,,,,,,,,,,,,,,,,,,,,,,,
998,227907.0,,,,,,,,,,,,,,,,,,,,,,,,,,,,,,,0.02631578947368421,0.007153523557447266,,,,,,,,,,,,,,,,,,,,,,,,,,,,,,,,,,,,,,,,,,
999,227907.0,,,,,,,,,,,,,,,,,,,,,,,,,,,,,,,0.008237986270022883,0.013412856670213623,,,,,,,,,,,,,,,,,,,,,,,,,,,,,,,,,,,,,,,,,,
1000,227909.0,,,,,,,,,,,,,,,,,,,,,,,,,,,,,,,0.031496062992125984,inf,,,,,,,,,,,,,,,,,,,,,,,,,,,,,,,,,,,,,,,,,,
1001,227909.0,,,,,,,,,,,,,,,,,,,,,,,,,,,,,,,0.0242024202420242,inf,,,,,,,,,,,,,,,,,,,,,,,,,,,,,,,,,,,,,,,,,,
1002,227909.0,,,,,,,,,,,,,,,,,,,,,,,,,,,,,,,0.04293381037567084,inf,,,,,,,,,,,,,,,,,,,,,,,,,,,,,,,,,,,,,,,,,,
1003,227909.0,,,,,,,,,,,,,,,,,,,,,,,,,,,,,,,0.026743075453677174,inf,,,,,,,,,,,,,,,,,,,,,,,,,,,,,,,,,,,,,,,,,,
1004,227910.0,,,,,,,,,,,,,,,,,,,,,,,,,,,,,,,0.0061330880098129405,0.014338630660771897,,,,,,,,,,,,,,,,,,,,,,,,,,,,,,,,,,,,,,,,,,
1005,227912.0,,,,,,,,,,,,,,,,,,,,,,,,,,,,,,,0.02528735632183908,0.0003779289493575208,,,,,,,,,,,,,,,,,,,,,,,,,,,,,,,,,,,,,,,,,,
1006,227912.0,,,,,,,,,,,,,,,,,,,,,,,,,,,,,,,0.03296703296703297,6.298815822625347e-05,,,,,,,,,,,,,,,,,,,,,,,,,,,,,,,,,,,,,,,,,,
978,227907.0,,,,,,,,,,,,,,,,,,,,,,,,,,,,,,,,,0.012280701754385965,0.0026825713340427244,,,,,,,,,,,,,,,,,,,,,,,,,,,,,,,,,,,,,,,,
979,227907.0,,,,,,,,,,,,,,,,,,,,,,,,,,,,,,,,,0.008771929824561403,0.008941904446809082,,,,,,,,,,,,,,,,,,,,,,,,,,,,,,,,,,,,,,,,
980,227907.0,,,,,,,,,,,,,,,,,,,,,,,,,,,,,,,,,0.023923444976076555,0.007153523557447266,,,,,,,,,,,,,,,,,,,,,,,,,,,,,,,,,,,,,,,,
981,227907.0,,,,,,,,,,,,,,,,,,,,,,,,,,,,,,,,,0.008237986270022883,0.011624475780851807,,,,,,,,,,,,,,,,,,,,,,,,,,,,,,,,,,,,,,,,
982,227909.0,,,,,,,,,,,,,,,,,,,,,,,,,,,,,,,,,0.031496062992125984,inf,,,,,,,,,,,,,,,,,,,,,,,,,,,,,,,,,,,,,,,,
983,227909.0,,,,,,,,,,,,,,,,,,,,,,,,,,,,,,,,,0.0242024202420242,inf,,,,,,,,,,,,,,,,,,,,,,,,,,,,,,,,,,,,,,,,
984,227909.0,,,,,,,,,,,,,,,,,,,,,,,,,,,,,,,,,0.04293381037567084,inf,,,,,,,,,,,,,,,,,,,,,,,,,,,,,,,,,,,,,,,,
985,227909.0,,,,,,,,,,,,,,,,,,,,,,,,,,,,,,,,,0.026743075453677174,inf,,,,,,,,,,,,,,,,,,,,,,,,,,,,,,,,,,,,,,,,
986,227910.0,,,,,,,,,,,,,,,,,,,,,,,,,,,,,,,,,0.0061330880098129405,0.014338630660771897,,,,,,,,,,,,,,,,,,,,,,,,,,,,,,,,,,,,,,,,
987,227912.0,,,,,,,,,,,,,,,,,,,,,,,,,,,,,,,,,0.02528735632183908,0.0003779289493575208,,,,,,,,,,,,,,,,,,,,,,,,,,,,,,,,,,,,,,,,
988,227912.0,,,,,,,,,,,,,,,,,,,,,,,,,,,,,,,,,0.03296703296703297,6.298815822625347e-05,,,,,,,,,,,,,,,,,,,,,,,,,,,,,,,,,,,,,,,,
965,227907.0,,,,,,,,,,,,,,,,,,,,,,,,,,,,,,,,,,,0.012280701754385965,0.0026825713340427244,,,,,,,,,,,,,,,,,,,,,,,,,,,,,,,,,,,,,,
966,227907.0,,,,,,,,,,,,,,,,,,,,,,,,,,,,,,,,,,,0.008771929824561403,0.008941904446809082,,,,,,,,,,,,,,,,,,,,,,,,,,,,,,,,,,,,,,
967,227907.0,,,,,,,,,,,,,,,,,,,,,,,,,,,,,,,,,,,0.023923444976076555,0.007153523557447266,,,,,,,,,,,,,,,,,,,,,,,,,,,,,,,,,,,,,,
968,227907.0,,,,,,,,,,,,,,,,,,,,,,,,,,,,,,,,,,,0.008237986270022883,0.011624475780851807,,,,,,,,,,,,,,,,,,,,,,,,,,,,,,,,,,,,,,
969,227909.0,,,,,,,,,,,,,,,,,,,,,,,,,,,,,,,,,,,0.031496062992125984,inf,,,,,,,,,,,,,,,,,,,,,,,,,,,,,,,,,,,,,,
970,227909.0,,,,,,,,,,,,,,,,,,,,,,,,,,,,,,,,,,,0.0242024202420242,inf,,,,,,,,,,,,,,,,,,,,,,,,,,,,,,,,,,,,,,
971,227909.0,,,,,,,,,,,,,,,,,,,,,,,,,,,,,,,,,,,0.04293381037567084,inf,,,,,,,,,,,,,,,,,,,,,,,,,,,,,,,,,,,,,,
972,227910.0,,,,,,,,,,,,,,,,,,,,,,,,,,,,,,,,,,,0.0061330880098129405,0.014338630660771897,,,,,,,,,,,,,,,,,,,,,,,,,,,,,,,,,,,,,,
973,227912.0,,,,,,,,,,,,,,,,,,,,,,,,,,,,,,,,,,,0.022988505747126436,0.0003779289493575208,,,,,,,,,,,,,,,,,,,,,,,,,,,,,,,,,,,,,,
974,227912.0,,,,,,,,,,,,,,,,,,,,,,,,,,,,,,,,,,,0.03296703296703297,6.298815822625347e-05,,,,,,,,,,,,,,,,,,,,,,,,,,,,,,,,,,,,,,
952,227907.0,,,,,,,,,,,,,,,,,,,,,,,,,,,,,,,,,,,,,0.012280701754385965,0.0026825713340427244,,,,,,,,,,,,,,,,,,,,,,,,,,,,,,,,,,,,
953,227907.0,,,,,,,,,,,,,,,,,,,,,,,,,,,,,,,,,,,,,0.008771929824561403,0.008941904446809082,,,,,,,,,,,,,,,,,,,,,,,,,,,,,,,,,,,,
954,227907.0,,,,,,,,,,,,,,,,,,,,,,,,,,,,,,,,,,,,,0.023923444976076555,0.007153523557447266,,,,,,,,,,,,,,,,,,,,,,,,,,,,,,,,,,,,
955,227907.0,,,,,,,,,,,,,,,,,,,,,,,,,,,,,,,,,,,,,0.008237986270022883,0.011624475780851807,,,,,,,,,,,,,,,,,,,,,,,,,,,,,,,,,,,,
956,227909.0,,,,,,,,,,,,,,,,,,,,,,,,,,,,,,,,,,,,,0.031496062992125984,inf,,,,,,,,,,,,,,,,,,,,,,,,,,,,,,,,,,,,
957,227909.0,,,,,,,,,,,,,,,,,,,,,,,,,,,,,,,,,,,,,0.0242024202420242,inf,,,,,,,,,,,,,,,,,,,,,,,,,,,,,,,,,,,,
958,227909.0,,,,,,,,,,,,,,,,,,,,,,,,,,,,,,,,,,,,,0.03935599284436494,inf,,,,,,,,,,,,,,,,,,,,,,,,,,,,,,,,,,,,
959,227910.0,,,,,,,,,,,,,,,,,,,,,,,,,,,,,,,,,,,,,0.0061330880098129405,0.014338630660771897,,,,,,,,,,,,,,,,,,,,,,,,,,,,,,,,,,,,
960,227912.0,,,,,,,,,,,,,,,,,,,,,,,,,,,,,,,,,,,,,0.022988505747126436,0.0003779289493575208,,,,,,,,,,,,,,,,,,,,,,,,,,,,,,,,,,,,
961,227912.0,,,,,,,,,,,,,,,,,,,,,,,,,,,,,,,,,,,,,0.031135531135531136,6.298815822625347e-05,,,,,,,,,,,,,,,,,,,,,,,,,,,,,,,,,,,,
937,227907.0,,,,,,,,,,,,,,,,,,,,,,,,,,,,,,,,,,,,,,,0.012280701754385965,0.0026825713340427244,,,,,,,,,,,,,,,,,,,,,,,,,,,,,,,,,,
938,227907.0,,,,,,,,,,,,,,,,,,,,,,,,,,,,,,,,,,,,,,,0.008771929824561403,0.008941904446809082,,,,,,,,,,,,,,,,,,,,,,,,,,,,,,,,,,
939,227907.0,,,,,,,,,,,,,,,,,,,,,,,,,,,,,,,,,,,,,,,0.023923444976076555,0.007153523557447266,,,,,,,,,,,,,,,,,,,,,,,,,,,,,,,,,,
940,227907.0,,,,,,,,,,,,,,,,,,,,,,,,,,,,,,,,,,,,,,,0.007780320366132723,0.011624475780851807,,,,,,,,,,,,,,,,,,,,,,,,,,,,,,,,,,
941,227909.0,,,,,,,,,,,,,,,,,,,,,,,,,,,,,,,,,,,,,,,0.031496062992125984,inf,,,,,,,,,,,,,,,,,,,,,,,,,,,,,,,,,,
942,227909.0,,,,,,,,,,,,,,,,,,,,,,,,,,,,,,,,,,,,,,,0.0242024202420242,inf,,,,,,,,,,,,,,,,,,,,,,,,,,,,,,,,,,
943,227909.0,,,,,,,,,,,,,,,,,,,,,,,,,,,,,,,,,,,,,,,0.03935599284436494,inf,,,,,,,,,,,,,,,,,,,,,,,,,,,,,,,,,,
944,227910.0,,,,,,,,,,,,,,,,,,,,,,,,,,,,,,,,,,,,,,,0.0061330880098129405,0.014338630660771897,,,,,,,,,,,,,,,,,,,,,,,,,,,,,,,,,,
945,227912.0,,,,,,,,,,,,,,,,,,,,,,,,,,,,,,,,,,,,,,,0.022988505747126436,0.0003779289493575208,,,,,,,,,,,,,,,,,,,,,,,,,,,,,,,,,,
946,227912.0,,,,,,,,,,,,,,,,,,,,,,,,,,,,,,,,,,,,,,,0.031135531135531136,6.298815822625347e-05,,,,,,,,,,,,,,,,,,,,,,,,,,,,,,,,,,
927,227907.0,,,,,,,,,,,,,,,,,,,,,,,,,,,,,,,,,,,,,,,,,0.012280701754385965,0.0026825713340427244,,,,,,,,,,,,,,,,,,,,,,,,,,,,,,,,
928,227907.0,,,,,,,,,,,,,,,,,,,,,,,,,,,,,,,,,,,,,,,,,0.008771929824561403,0.008941904446809082,,,,,,,,,,,,,,,,,,,,,,,,,,,,,,,,
929,227907.0,,,,,,,,,,,,,,,,,,,,,,,,,,,,,,,,,,,,,,,,,0.023923444976076555,0.007153523557447266,,,,,,,,,,,,,,,,,,,,,,,,,,,,,,,,
930,227907.0,,,,,,,,,,,,,,,,,,,,,,,,,,,,,,,,,,,,,,,,,0.007780320366132723,0.011624475780851807,,,,,,,,,,,,,,,,,,,,,,,,,,,,,,,,
931,227909.0,,,,,,,,,,,,,,,,,,,,,,,,,,,,,,,,,,,,,,,,,0.031496062992125984,inf,,,,,,,,,,,,,,,,,,,,,,,,,,,,,,,,
932,227909.0,,,,,,,,,,,,,,,,,,,,,,,,,,,,,,,,,,,,,,,,,0.0242024202420242,inf,,,,,,,,,,,,,,,,,,,,,,,,,,,,,,,,
933,227909.0,,,,,,,,,,,,,,,,,,,,,,,,,,,,,,,,,,,,,,,,,0.03935599284436494,inf,,,,,,,,,,,,,,,,,,,,,,,,,,,,,,,,
934,227910.0,,,,,,,,,,,,,,,,,,,,,,,,,,,,,,,,,,,,,,,,,0.0061330880098129405,0.014338630660771897,,,,,,,,,,,,,,,,,,,,,,,,,,,,,,,,
935,227912.0,,,,,,,,,,,,,,,,,,,,,,,,,,,,,,,,,,,,,,,,,0.022988505747126436,0.0003779289493575208,,,,,,,,,,,,,,,,,,,,,,,,,,,,,,,,
936,227912.0,,,,,,,,,,,,,,,,,,,,,,,,,,,,,,,,,,,,,,,,,0.031135531135531136,6.298815822625347e-05,,,,,,,,,,,,,,,,,,,,,,,,,,,,,,,,
921,227907.0,,,,,,,,,,,,,,,,,,,,,,,,,,,,,,,,,,,,,,,,,,,0.012280701754385965,0.0026825713340427244,,,,,,,,,,,,,,,,,,,,,,,,,,,,,,
922,227907.0,,,,,,,,,,,,,,,,,,,,,,,,,,,,,,,,,,,,,,,,,,,0.008771929824561403,0.008941904446809082,,,,,,,,,,,,,,,,,,,,,,,,,,,,,,
923,227907.0,,,,,,,,,,,,,,,,,,,,,,,,,,,,,,,,,,,,,,,,,,,0.023923444976076555,0.006259333112766358,,,,,,,,,,,,,,,,,,,,,,,,,,,,,,
924,227907.0,,,,,,,,,,,,,,,,,,,,,,,,,,,,,,,,,,,,,,,,,,,0.007780320366132723,0.010730285336170898,,,,,,,,,,,,,,,,,,,,,,,,,,,,,,
925,227909.0,,,,,,,,,,,,,,,,,,,,,,,,,,,,,,,,,,,,,,,,,,,0.031496062992125984,inf,,,,,,,,,,,,,,,,,,,,,,,,,,,,,,
926,227909.0,,,,,,,,,,,,,,,,,,,,,,,,,,,,,,,,,,,,,,,,,,,0.0242024202420242,inf,,,,,,,,,,,,,,,,,,,,,,,,,,,,,,
927,227909.0,,,,,,,,,,,,,,,,,,,,,,,,,,,,,,,,,,,,,,,,,,,0.03935599284436494,inf,,,,,,,,,,,,,,,,,,,,,,,,,,,,,,
928,227910.0,,,,,,,,,,,,,,,,,,,,,,,,,,,,,,,,,,,,,,,,,,,0.0061330880098129405,0.014338630660771897,,,,,,,,,,,,,,,,,,,,,,,,,,,,,,
929,227912.0,,,,,,,,,,,,,,,,,,,,,,,,,,,,,,,,,,,,,,,,,,,0.022988505747126436,0.0003779289493575208,,,,,,,,,,,,,,,,,,,,,,,,,,,,,,
930,227912.0,,,,,,,,,,,,,,,,,,,,,,,,,,,,,,,,,,,,,,,,,,,0.029304029304029304,6.298815822625347e-05,,,,,,,,,,,,,,,,,,,,,,,,,,,,,,
910,227907.0,,,,,,,,,,,,,,,,,,,,,,,,,,,,,,,,,,,,,,,,,,,,,0.012280701754385965,0.0026825713340427244,,,,,,,,,,,,,,,,,,,,,,,,,,,,
911,227907.0,,,,,,,,,,,,,,,,,,,,,,,,,,,,,,,,,,,,,,,,,,,,,0.008771929824561403,0.008941904446809082,,,,,,,,,,,,,,,,,,,,,,,,,,,,
912,227907.0,,,,,,,,,,,,,,,,,,,,,,,,,,,,,,,,,,,,,,,,,,,,,0.0215311004784689,0.005365142668085449,,,,,,,,,,,,,,,,,,,,,,,,,,,,
913,227907.0,,,,,,,,,,,,,,,,,,,,,,,,,,,,,,,,,,,,,,,,,,,,,0.007780320366132723,0.010730285336170898,,,,,,,,,,,,,,,,,,,,,,,,,,,,
914,227909.0,,,,,,,,,,,,,,,,,,,,,,,,,,,,,,,,,,,,,,,,,,,,,0.028871391076115485,inf,,,,,,,,,,,,,,,,,,,,,,,,,,,,
915,227909.0,,,,,,,,,,,,,,,,,,,,,,,,,,,,,,,,,,,,,,,,,,,,,0.0242024202420242,inf,,,,,,,,,,,,,,,,,,,,,,,,,,,,
916,227909.0,,,,,,,,,,,,,,,,,,,,,,,,,,,,,,,,,,,,,,,,,,,,,0.03935599284436494,inf,,,,,,,,,,,,,,,,,,,,,,,,,,,,
917,227910.0,,,,,,,,,,,,,,,,,,,,,,,,,,,,,,,,,,,,,,,,,,,,,0.0061330880098129405,0.013741187716573068,,,,,,,,,,,,,,,,,,,,,,,,,,,,
918,227912.0,,,,,,,,,,,,,,,,,,,,,,,,,,,,,,,,,,,,,,,,,,,,,0.020689655172413793,0.0003149407911312673,,,,,,,,,,,,,,,,,,,,,,,,,,,,
919,227912.0,,,,,,,,,,,,,,,,,,,,,,,,,,,,,,,,,,,,,,,,,,,,,0.029304029304029304,6.298815822625347e-05,,,,,,,,,,,,,,,,,,,,,,,,,,,,
887,227907.0,,,,,,,,,,,,,,,,,,,,,,,,,,,,,,,,,,,,,,,,,,,,,,,0.011864406779661017,0.0026825713340427244,,,,,,,,,,,,,,,,,,,,,,,,,,
888,227907.0,,,,,,,,,,,,,,,,,,,,,,,,,,,,,,,,,,,,,,,,,,,,,,,0.008827238335435058,0.008047714002128174,,,,,,,,,,,,,,,,,,,,,,,,,,
889,227907.0,,,,,,,,,,,,,,,,,,,,,,,,,,,,,,,,,,,,,,,,,,,,,,,0.021634615384615384,0.005365142668085449,,,,,,,,,,,,,,,,,,,,,,,,,,
890,227907.0,,,,,,,,,,,,,,,,,,,,,,,,,,,,,,,,,,,,,,,,,,,,,,,0.007668019846639603,0.010730285336170898,,,,,,,,,,,,,,,,,,,,,,,,,,
891,227909.0,,,,,,,,,,,,,,,,,,,,,,,,,,,,,,,,,,,,,,,,,,,,,,,0.028645833333333332,inf,,,,,,,,,,,,,,,,,,,,,,,,,,
892,227909.0,,,,,,,,,,,,,,,,,,,,,,,,,,,,,,,,,,,,,,,,,,,,,,,0.038181818181818185,inf,,,,,,,,,,,,,,,,,,,,,,,,,,
893,227910.0,,,,,,,,,,,,,,,,,,,,,,,,,,,,,,,,,,,,,,,,,,,,,,,0.006015037593984963,0.013741187716573068,,,,,,,,,,,,,,,,,,,,,,,,,,
894,227912.0,,,,,,,,,,,,,,,,,,,,,,,,,,,,,,,,,,,,,,,,,,,,,,,0.02857142857142857,6.298815822625347e-05,,,,,,,,,,,,,,,,,,,,,,,,,,
871,227907.0,,,,,,,,,,,,,,,,,,,,,,,,,,,,,,,,,,,,,,,,,,,,,,,,,0.011864406779661017,0.0026825713340427244,,,,,,,,,,,,,,,,,,,,,,,,
872,227907.0,,,,,,,,,,,,,,,,,,,,,,,,,,,,,,,,,,,,,,,,,,,,,,,,,0.008827238335435058,0.008047714002128174,,,,,,,,,,,,,,,,,,,,,,,,
873,227907.0,,,,,,,,,,,,,,,,,,,,,,,,,,,,,,,,,,,,,,,,,,,,,,,,,0.021634615384615384,0.004470952223404541,,,,,,,,,,,,,,,,,,,,,,,,
874,227907.0,,,,,,,,,,,,,,,,,,,,,,,,,,,,,,,,,,,,,,,,,,,,,,,,,0.005412719891745603,0.00983609489148999,,,,,,,,,,,,,,,,,,,,,,,,
875,227909.0,,,,,,,,,,,,,,,,,,,,,,,,,,,,,,,,,,,,,,,,,,,,,,,,,0.028645833333333332,inf,,,,,,,,,,,,,,,,,,,,,,,,
876,227909.0,,,,,,,,,,,,,,,,,,,,,,,,,,,,,,,,,,,,,,,,,,,,,,,,,0.038181818181818185,inf,,,,,,,,,,,,,,,,,,,,,,,,
877,227910.0,,,,,,,,,,,,,,,,,,,,,,,,,,,,,,,,,,,,,,,,,,,,,,,,,0.006015037593984963,0.013741187716573068,,,,,,,,,,,,,,,,,,,,,,,,
878,227912.0,,,,,,,,,,,,,,,,,,,,,,,,,,,,,,,,,,,,,,,,,,,,,,,,,0.02857142857142857,6.298815822625347e-05,,,,,,,,,,,,,,,,,,,,,,,,
835,227907.0,,,,,,,,,,,,,,,,,,,,,,,,,,,,,,,,,,,,,,,,,,,,,,,,,,,0.011864406779661017,0.0026825713340427244,,,,,,,,,,,,,,,,,,,,,,
836,227907.0,,,,,,,,,,,,,,,,,,,,,,,,,,,,,,,,,,,,,,,,,,,,,,,,,,,0.008827238335435058,0.008047714002128174,,,,,,,,,,,,,,,,,,,,,,
837,227907.0,,,,,,,,,,,,,,,,,,,,,,,,,,,,,,,,,,,,,,,,,,,,,,,,,,,0.021634615384615384,0.004470952223404541,,,,,,,,,,,,,,,,,,,,,,
838,227907.0,,,,,,,,,,,,,,,,,,,,,,,,,,,,,,,,,,,,,,,,,,,,,,,,,,,0.005412719891745603,0.00983609489148999,,,,,,,,,,,,,,,,,,,,,,
839,227909.0,,,,,,,,,,,,,,,,,,,,,,,,,,,,,,,,,,,,,,,,,,,,,,,,,,,0.028645833333333332,inf,,,,,,,,,,,,,,,,,,,,,,
840,227909.0,,,,,,,,,,,,,,,,,,,,,,,,,,,,,,,,,,,,,,,,,,,,,,,,,,,0.038181818181818185,inf,,,,,,,,,,,,,,,,,,,,,,
841,227910.0,,,,,,,,,,,,,,,,,,,,,,,,,,,,,,,,,,,,,,,,,,,,,,,,,,,0.006015037593984963,0.013741187716573068,,,,,,,,,,,,,,,,,,,,,,
842,227912.0,,,,,,,,,,,,,,,,,,,,,,,,,,,,,,,,,,,,,,,,,,,,,,,,,,,0.02857142857142857,6.298815822625347e-05,,,,,,,,,,,,,,,,,,,,,,
787,227907.0,,,,,,,,,,,,,,,,,,,,,,,,,,,,,,,,,,,,,,,,,,,,,,,,,,,,,0.011864406779661017,0.0026825713340427244,,,,,,,,,,,,,,,,,,,,
788,227907.0,,,,,,,,,,,,,,,,,,,,,,,,,,,,,,,,,,,,,,,,,,,,,,,,,,,,,0.008827238335435058,0.008047714002128174,,,,,,,,,,,,,,,,,,,,
789,227907.0,,,,,,,,,,,,,,,,,,,,,,,,,,,,,,,,,,,,,,,,,,,,,,,,,,,,,0.019230769230769232,0.003576761778723633,,,,,,,,,,,,,,,,,,,,
790,227907.0,,,,,,,,,,,,,,,,,,,,,,,,,,,,,,,,,,,,,,,,,,,,,,,,,,,,,0.004961659900766802,0.008941904446809082,,,,,,,,,,,,,,,,,,,,
791,227909.0,,,,,,,,,,,,,,,,,,,,,,,,,,,,,,,,,,,,,,,,,,,,,,,,,,,,,0.015625,inf,,,,,,,,,,,,,,,,,,,,
792,227909.0,,,,,,,,,,,,,,,,,,,,,,,,,,,,,,,,,,,,,,,,,,,,,,,,,,,,,0.014545454545454545,inf,,,,,,,,,,,,,,,,,,,,
793,227910.0,,,,,,,,,,,,,,,,,,,,,,,,,,,,,,,,,,,,,,,,,,,,,,,,,,,,,0.005714285714285714,0.011948858883976581,,,,,,,,,,,,,,,,,,,,
794,227912.0,,,,,,,,,,,,,,,,,,,,,,,,,,,,,,,,,,,,,,,,,,,,,,,,,,,,,0.02857142857142857,6.298815822625347e-05,,,,,,,,,,,,,,,,,,,,
723,227907.0,,,,,,,,,,,,,,,,,,,,,,,,,,,,,,,,,,,,,,,,,,,,,,,,,,,,,,,0.004961659900766802,0.007153523557447266,,,,,,,,,,,,,,,,,,
724,227909.0,,,,,,,,,,,,,,,,,,,,,,,,,,,,,,,,,,,,,,,,,,,,,,,,,,,,,,,0.01090909090909091,inf,,,,,,,,,,,,,,,,,,
725,227910.0,,,,,,,,,,,,,,,,,,,,,,,,,,,,,,,,,,,,,,,,,,,,,,,,,,,,,,,0.005112781954887218,0.009559087107181265,,,,,,,,,,,,,,,,,,
726,227912.0,,,,,,,,,,,,,,,,,,,,,,,,,,,,,,,,,,,,,,,,,,,,,,,,,,,,,,,0.02142857142857143,6.298815822625347e-05,,,,,,,,,,,,,,,,,,
630,227909.0,,,,,,,,,,,,,,,,,,,,,,,,,,,,,,,,,,,,,,,,,,,,,,,,,,,,,,,,,0.00909090909090909,inf,,,,,,,,,,,,,,,,
631,227910.0,,,,,,,,,,,,,,,,,,,,,,,,,,,,,,,,,,,,,,,,,,,,,,,,,,,,,,,,,0.0030075187969924814,0.0071693153303859485,,,,,,,,,,,,,,,,
632,227912.0,,,,,,,,,,,,,,,,,,,,,,,,,,,,,,,,,,,,,,,,,,,,,,,,,,,,,,,,,0.019642857142857142,6.298815822625347e-05,,,,,,,,,,,,,,,,
537,227910.0,,,,,,,,,,,,,,,,,,,,,,,,,,,,,,,,,,,,,,,,,,,,,,,,,,,,,,,,,,,0.0030075187969924814,0.0071693153303859485,,,,,,,,,,,,,,
538,227912.0,,,,,,,,,,,,,,,,,,,,,,,,,,,,,,,,,,,,,,,,,,,,,,,,,,,,,,,,,,,0.019642857142857142,6.298815822625347e-05,,,,,,,,,,,,,,
489,227910.0,,,,,,,,,,,,,,,,,,,,,,,,,,,,,,,,,,,,,,,,,,,,,,,,,,,,,,,,,,,,,0.002406015037593985,0.004779543553590632,,,,,,,,,,,,
490,227912.0,,,,,,,,,,,,,,,,,,,,,,,,,,,,,,,,,,,,,,,,,,,,,,,,,,,,,,,,,,,,,0.019642857142857142,6.298815822625347e-05,,,,,,,,,,,,
482,227910.0,,,,,,,,,,,,,,,,,,,,,,,,,,,,,,,,,,,,,,,,,,,,,,,,,,,,,,,,,,,,,,,0.002406015037593985,0.004779543553590632,,,,,,,,,,
483,227912.0,,,,,,,,,,,,,,,,,,,,,,,,,,,,,,,,,,,,,,,,,,,,,,,,,,,,,,,,,,,,,,,0.019642857142857142,6.298815822625347e-05,,,,,,,,,,
467,227910.0,,,,,,,,,,,,,,,,,,,,,,,,,,,,,,,,,,,,,,,,,,,,,,,,,,,,,,,,,,,,,,,,,0.002406015037593985,0.004779543553590632,,,,,,,,
468,227912.0,,,,,,,,,,,,,,,,,,,,,,,,,,,,,,,,,,,,,,,,,,,,,,,,,,,,,,,,,,,,,,,,,0.019642857142857142,6.298815822625347e-05,,,,,,,,
415,227910.0,,,,,,,,,,,,,,,,,,,,,,,,,,,,,,,,,,,,,,,,,,,,,,,,,,,,,,,,,,,,,,,,,,,0.002105263157894737,0.0035846576651929743,,,,,,
97,227910.0,,,,,,,,,,,,,,,,,,,,,,,,,,,,,,,,,,,,,,,,,,,,,,,,,,,,,,,,,,,,,,,,,,,,,0.002105263157894737,0.0029872147209941452,,,,
